Content,Date,Title
安倍晋三元首相が銃撃され死去してから1年を迎えた。首相経験者が白昼、選挙演説中に殺害される事件は国内外に衝撃を与えた。民主主義を破壊する暴挙が繰り返されることがないよう、自由で安全な社会を守る決意を新たにしたい。起訴された山上徹也被告は、世界平和統一家庭連合（旧統一教会）に入信した母親による巨額の献金が原因で、家庭が崩壊したという。このため、教団と関係があった安倍氏を狙ったとされる。だが、いかなる事情があっても、人命を奪うことは許されない。裁判を通じて、背景と経緯が明らかにされなければならない。今年4月には、衆院補欠選挙の遊説先で岸田文雄首相に向かって爆発物が投げつけられた。政治家への襲撃が後を絶たないことを憂慮する。継承された「国会軽視」大正末期から昭和前期には、原敬首相ら政治家の暗殺事件が相次いだ。恐慌により貧富の格差が広がる中で、不遇をかこつ若者たちが事件を起こした。社会を覆う閉塞（へいそく）感は今日に通じる。バブル経済崩壊後、「失われた30年」と呼ばれる景気の長期低迷が続いた。新型コロナウイルス禍で経済格差の拡大も浮き彫りになった。政治は国民の不満や不安に耳を傾け、手を差し伸べることができているだろうか。歴代最長政権を率いた安倍氏は、敵を明示して対立をあおることで支持層を固め、政治を動かす原動力とした。巨大与党の数の力を背景に、集団的自衛権の行使に道を開いた安全保障関連法など賛否の割れる施策を推し進めた。経済政策のアベノミクスは株価を上昇させたが、恩恵は大企業や富裕層に偏った。異論に耳を傾けず、丁寧な説明や国会での議論を軽視するような姿勢が目立った。国政選挙で6連勝し「安倍1強」状態を生み出した一方、世論の分断も生んだ。岸田首相は一昨年の就任当時、「わが国の民主主義が危機に陥っている」と強調し、「国民の声が政治に届いていない」と訴えた。この言葉には安倍氏の政治手法に対する反省も込められていたはずだ。しかし、この1年間、国会で議論を尽くさないまま、重要政策を次々と転換した。専守防衛のあり方を変容させる「反撃能力」（敵基地攻撃能力）の保有と防衛費の大幅増額で、安全保障政策を大きく変えた。国債頼みの積極財政と合わせ、生前の安倍氏が唱えていたものだ。経済政策では、新自由主義に代わる「新しい資本主義」を掲げているものの、格差是正の具体策には踏み込めていない。成長重視のアベノミクスを踏襲しているのが実態だ。国民の声に耳傾ける時背景には、自民党の保守派をまとめる重し役だった安倍氏の不在がある。政権発足当時は、最大派閥を率いる安倍氏と意思疎通を図りながら、政策の着地点を探ることができた。ところが、安倍氏が凶弾に倒れると、無批判に路線を踏襲する傾向が目立ち始めた。首相は党内基盤が弱く、安倍氏の「遺志」に配慮しながら政権運営せざるを得ないためではないか。首相は「次の時代を切り開いていくことこそ、安倍氏の遺志を継ぐこと」だと語ったが、安倍政治の功罪は検証されていない。事件で表面化した教団と自民の関係は、安倍氏の祖父・岸信介元首相にさかのぼる。高額献金などのトラブルが問題となった後も続いてきた。首相は「関係を清算する」と言うが、これまでの経緯を究明しようとせず、安倍氏と教団の関係についての調査も拒んでいる。これでは政治への信頼を取り戻すことはできない。今求められているのは民主主義を立て直すことだ。有権者が投票によって選んだ政治家を通じて、自分たちの意思を反映させる仕組みが代議制民主主義である。少数意見にも耳を傾けながら、議論を通じて幅広い合意を探るのがあるべき姿だ。しかし近年、民意が十分に政治の場に届いていないとの不満が高まっている。こうした国民の声を丁寧にすくい上げることこそ、政治の果たすべき役割だ。首相は先頭に立ち、「言論の府」である国会の復権に力を尽くさなければならない。,2023/7/8,安倍氏銃撃から1年 民主主義守る決意新たに
国民の不安払拭（ふっしょく）に努めるというのであれば、岸田文雄首相が自ら国会で説明を尽くすのが筋ではないか。トラブルが後を絶たないマイナンバー制度を巡り、衆院特別委員会で閉会中審査が行われた。しかし、首相は河野太郎デジタル相らに対応を任せ、出席しなかった。政府は、従来の健康保険証を来年秋に廃止し、マイナカードと一体化する方針だが、他人の番号がひも付けされるなどミスが相次いでいる。このまま計画を進めようとするのは理解に苦しむ。特別委で加藤勝信厚生労働相は「どこかで時期を決めなければ移行できない」と強調したが、なぜ来秋なのかという疑問には正面から答えていない。トラブル多発の背景には、自治体や医療機関など現場への配慮を欠いた政府の姿勢がある。人手が足りない高齢者施設では、煩雑な手続きに困惑が広がっている。移行後も既存の保険証を1年間は併用できることになっているが、日本医師会は、期間の延長などを検討するよう求めている。トラブルの「総点検」を巡っては、全国知事会が具体的なスケジュールを速やかに明らかにするよう政府に要望した。目に付くのは迷走を取り繕うような一時しのぎの対応だ。厚労省は「マイナ保険証」を持たない人に発行される「資格確認書」について、申請がなくても交付できる「プッシュ型」の対応を検討するという。だが、さまざまなカードが並立することになれば、混乱に拍車が掛かりかねない。そもそも、保険証と一体化させることで、低迷するマイナカードの取得率を上げるという手法に無理があった。毎日新聞の世論調査では、来秋の保険証廃止への「反対」が57％に上った。日程にこだわらず、計画を見直す時ではないか。首相は先月の記者会見で「令和版デジタル行財政改革」を打ち出した。国と地方の行政効率化を目指すため、マイナカードを「デジタル社会のパスポート」と位置づけた。にもかかわらず、先頭に立って取り組む姿勢が見えない。これでは行政府のトップとしての責任を果たしているとは言えない。,2023/7/7,迷走するマイナ保険証 不安払拭は首相の責任だ
また幼い命が失われた。周囲は異変に気づいていたのに、なぜ守ることができなかったのか。神戸市西区の草むらで、スーツケースに入れられた6歳の男児の遺体が見つかった。背中には多数の殴られた痕があった。警察は男児の母親を含む家族4人を、同居する祖母への傷害容疑などで逮捕した。家庭内で暴力が繰り返されていた疑いがあり、男児の死亡した経緯を調べている。市側や児童相談所の対応が適切だったかどうかの検証も必要だ。男児は2月から保育園を休みがちになり、4月に園の職員が尻と肩にあざを確認した。連絡を受けた市の担当者が家庭を訪ねたが、「遊びに行っている」と説明され、男児には会えなかった。市のマニュアルでは、虐待の通告を受けてから48時間以内に子どもの安否を確認する必要があった。しかし、会えたのは1週間後で、既にあざは消えていた。母親の申し入れでいったんは一時保護の方針が決まった。だが、児相の職員が出向いたところ、祖母から「家庭で面倒を見る」と拒否され、引き下がった。市側は「緊急性はないと判断していた」と説明する。しかし、結果的に最悪の事態に至っており、対応への批判は免れない。家族の不同意が原因で子どもが保護されず、命を落とす事件は後を絶たない。そうしたケースを防ぐため、虐待防止に関する法律の改正が重ねられてきた。必要に応じ、警察に援助を求めることが児相に義務付けられた。裁判所の令状があれば、強制的に立ち入りもできるようになった。昨年には、親から一時保護の同意を得られない場合、裁判所の判断を基に保護する仕組みを導入することが決まった。だが、行政側の危機意識が不足していれば、新たな仕組みも有効に活用できない。痛ましいのは、男児が救いを求めていたにもかかわらず、周囲が手を差し伸べられなかったことだ。自宅のベランダに放置され、「助けてください」と訴える姿も目撃されていたという。どうすれば子どものSOSを受け止め、適切な対応につなげることができるか。命を守る方策を地域全体で考える必要がある。,2023/7/7,神戸の6歳児遺棄 なぜ命を守れなかったか
東京電力福島第1原発の処理水を海洋放出することへの不信や不安に、政府は誠実に向き合わなければならない。放出計画について、国際原子力機関（IAEA）が「国際的な安全基準に合致している」とする報告書を公表した。専門家らで構成される「核の番人」が出した結論である。夏ごろの放出開始を目指す政府は、「国際社会の理解を醸成する上で重要」と評価している。第1原発では、溶融した核燃料に雨や地下水が触れ、放射能を帯びた汚染水が、毎日90トンずつ発生している。処理した後、敷地内に設置したタンクで保管しているが、東電は「来年2～6月ごろ満杯になる」と予測する。このままでは、廃炉のための作業に支障が出るという。処理水は、専用の設備で大半の放射性物質を取り除いたものだが、トリチウムだけは残る。このため、放出する際は海水で薄め、濃度を世界保健機関（WHO）が定める飲料水基準の7分の1に抑える計画だ。IAEAの報告書は、これを前提に「環境や人体への影響は無視できる」と結論づけた。諸外国も、原発の稼働で生じるトリチウム水を海に流している。計画の科学的根拠は示された形だが、国内外の理解は依然として得られていない。地元の漁業関係者らは、風評被害を理由に反対している。事故後、船を出せない状況が続き、本格操業が始まったばかりだ。政府・東電が「関係者の理解なしには（処理水の）いかなる処分も行わない」と文書で約束しながら、放出の準備を進めてきたことにも不信を深めている。近隣諸国からも懸念の声が上がっている。中国は計画の中止を求め、韓国でも野党を中心に反対論がくすぶる。計画の完了までには数十年かかると見込まれる。グロッシIAEA事務局長は、第1原発に職員を常駐させ、「最後の一滴まで」監視すると表明した。政府が今後、放出を決定するのであれば、高い透明性の確保が不可欠だ。その上で漁業関係者や近隣諸国に対し、丁寧な説明を尽くす責任がある。,2023/7/6,IAEA処理水報告書 説明尽くす責任は政府に
正常化しつつある日韓の経済関係を再び悪化させることは避けなければならない。協力の基盤をさらに固めるべきだ。日本は今月、輸出手続きが優遇される対象国「グループA（ホワイト国）」に韓国を再指定する。3月には、半導体素材3品目に関して強化していた輸出規制を緩和した。韓国は既に、日本の措置を巡る世界貿易機関（WTO）への提訴を取り下げ、日本を優遇国に再指定している。日韓の経済関係はこれで、2019年に一連の措置が講じられる前の状態に戻った。両国は、緊急時に外貨を融通し合う通貨交換（スワップ）協定の再開にも合意した。8年前に失効していた。韓国は世界有数の半導体メーカーを抱え、日本は素材や製造装置に強みを持つ。経済安全保障の観点からも、重要物資である半導体の供給網強化は共通の利益だ。日韓の経済界は長年にわたって密接な関係を築いてきた。歴史教科書や慰安婦の問題で外交的対立が生じても、経済関係が冷え込むことはなかった。だが徴用工問題への対応が事態をこじらせた。解決策を講じない韓国の文在寅（ムンジェイン）前政権への事実上の対抗措置として、当時の安倍晋三政権が輸出規制を強化した。韓国では日本製品の不買運動が広がり、韓国企業は対象外の素材なども日本以外の調達先を探った。韓国事業の縮小や撤退に追い込まれる日本企業も出た。貿易を外交上の武器として使う手法が、かえって相互不信を深めてしまった。韓国の尹錫悦（ユンソンニョル）政権が今年3月に徴用工問題の解決策を発表したことで、両国関係は雪解けに動き始めた。安全保障政策を重視する尹政権は、日米韓連携の障害となっていた対日関係の打開を急いだ。ロシアによるウクライナ侵攻や米中の対立激化によって国際情勢が激変する中、日本も関係改善の必要性に迫られていた。隣国との間では今後も意見の相違や摩擦が生じることがあるだろう。両国の指導者に求められるのは、政治的な対立を適切に管理し、経済関係への波及を避けるための知恵である。,2023/7/6,日韓経済関係の修復 再びこじらせない知恵を
少子高齢化が進む日本社会を持続可能にする税制の構築が急務だ。だが政治家が避けがちな負担の議論に踏み込む役割を果たしたとは言いがたい。大学教授ら専門家で構成する政府税制調査会が今後の税のあり方を示した答申を4年ぶりにまとめ、岸田文雄首相に提出した。新型コロナウイルス対策費で予算が急膨張した。昨年度の税収は過去最高の71兆円だったが、歳出を賄うには40兆円超も足りない。首相は財源をあいまいにしたまま、防衛と少子化対策の予算を倍増させると表明した。1000兆円超の借金を抱える財政が一段と悪化しかねない。将来世代に巨額のつけを回すのは無責任だ。歳出の無駄を徹底的に省いたうえで、国民に一定の負担を求めるのはやむをえない。答申が、歳出に見合った税収を確保する「税の十分性」を強調したのは当然である。しかし、有力な選択肢となる消費税に関しては「今後とも重要」と指摘しただけで、現在の税率10％を引き上げる時期や将来の水準には言及しなかった。超高齢社会の到来に伴い、多額の医療・介護費がさらに膨らむのは必至だ。社会保障の財源は消費税のように社会全体で広く負担する仕組みが望ましいと言われる。福祉に手厚い欧州各国の税率はおおむね15～25％となっている。物価高で国民生活が苦しい中、性急な増税は禁物だ。だが合意を丁寧に形成するには早めに議論に着手する必要がある。にもかかわらず首相は「10年程度は上げることは考えない」と封印している。毎年度の税制改正は国会議員で構成する与党税調が決めている。一方、政府税調は政治的しがらみに縛られず、中長期のあるべき税制を示す役割が期待されてきた。今回の答申は負担の先送りを追認したとみられても仕方がない。所得再分配を通じて格差を是正するのも税の重要な機能である。富裕層ほど多い金融所得への課税強化が必要だが、答申は明確な方針を示さなかった。コロナ禍の影響が薄れた今こそ、給付と負担のバランスを回復させる財政ビジョンを示す時だ。首相も負担の議論にきちんと向き合わなければならない。,2023/7/5,政府税調の答申 負担先送りは看板倒れだ
人工知能（AI）の作り出した偽画像が、社会を混乱させるケースが出始めた。チャットGPTなどの文章生成AIと同様、画像についても、不適切な使用を防ぐ仕組みを構築する必要がある。5月に米ワシントンの国防総省近くで爆発が起きているかのような偽画像がツイッターで拡散し、ニューヨーク市場の株価が一時急落した。欧州を拠点とする調査団体「ベリングキャット」のメンバーが、画像分析からAIで生成されたと指摘し、地元消防当局も否定したことから事態は沈静化した。日本でも2022年9月に静岡県が豪雨に見舞われた際、浸水した住宅地の画像がツイッターに投稿された。広く拡散し、事実と受け止めたコメントも多かったが、後に投稿者は生成AIで作った偽画像であることを認めた。従来の偽画像は既存の画像を切り貼りするなどしたものがほとんどで作成に手間がかかった。しかし、22年に「ステイブルディフュージョン」などのツールが無料で使えるようになり、誰でも簡単に画像を作れるようになった。これらのAIに指示すれば、画像は瞬時に作成される。たとえば日本語で「UFOが東京上空に飛来」と入力すると、林立するビルの間に緑が点在する大都市の上に円盤が浮かんでいるリアルな画像が出てくる。現在は細部に不自然な点が残り、よく見れば偽物とわかる場合が多い。しかし、技術は急速に進歩しており、いずれ見分けるのが困難になるだろう。静止画像だけではない。言葉で指示するだけで動画が生成されるAIも登場している。人々の直感に働きかける画像や動画は文字に比べ、影響力が大きい。ルール作りは急務だ。欧州議会は6月、AI由来のコンテンツにその旨を明示するよう求める世界初の規制法案を採択している。個人の対応にも慎重さが求められる。出所不明の画像は安易にシェアせず、報道など複数の情報源と照らし合わせるなどして真偽を確かめることが大切だ。そのための啓発も必要だろう。政府、AI開発者、プラットフォーマーなど関係者が協力して対策を考えなければならない。,2023/7/5,AI生成の偽画像 社会の混乱防ぐ仕組みを
配偶者などによる暴力（DV）から、被害者を確実に守る仕組みづくりをさらに進める必要がある。先の国会でDV防止法が改正された。来年4月に施行される。精神的な暴力についても、保護命令を出せるようにしたのが柱だ。裁判所が加害者に対して一定期間、被害者へのつきまといを禁じる。これまでは身体的な暴力の場合に限られていた。暴言を吐く、実家や友人との付き合いを制限する、大切な物を捨てる――といった言動は、被害者の心を深く傷つける。うつ病や心的外傷後ストレス障害（PTSD）の原因となりかねない。内閣府の窓口に寄せられるDV相談の6割は、精神的被害に関する内容だ。法改正は当然である。警察への被害相談は増加傾向にあり、昨年は8万4496件に上った。一方で、保護命令は1111件にとどまった。申し立てには証拠をそろえなければならず、被害者の負担が重いと指摘されてきた。加害者にも話を聞く必要があり、発令まで12日程度かかる。外見から分かりにくい精神的被害の立証は、身体的なものよりハードルが高い。柔軟に命令を出せるようにすることが肝要である。危険が差し迫っている時は、直ちに発令できる制度の導入を検討すべきだ。被害者の相談に乗り、支えていく体制の拡充も急がれる。内閣府の調査では、被害を受けた人の半数近くが、どこにも相談していなかった。利用しやすい窓口の整備が欠かせない。被害者の大半は女性であり、経済的な不安から相手と別れられないケースが多い。生活の再建を支援する仕組みが求められる。国、自治体、民間団体の連携促進や、関係機関による地域での協議会設置が、改正法には盛り込まれた。問題に対応する人材の確保が不可欠であり、待遇の改善と育成が課題だ。再発防止には、加害者への働きかけも必須である。事の重大さを自覚させるプログラムを実施するため、体制を整えるべきだ。DVは深刻な人権侵害である。その認識を社会全体で共有し、根絶に向けて取り組まなければならない。,2023/7/4,DV防止法の改正 被害者守る仕組みさらに
半導体産業に活力を与え、競争力を高める。そうした役割を、政府系ファンドが担えるだろうか。官民出資の産業革新投資機構（JIC）が、半導体材料大手のJSRを約9000億円で買収する。上場を廃止して事業の再構築を進める計画だ。業界再編も視野に入れている。同社は半導体生産に不可欠なフォトレジスト（感光剤）で高いシェアを誇る。だが、取引先の半導体メーカーに比べて企業規模が小さく、価格などの交渉で劣勢に立たされがちだ。半導体の高機能化に対応する開発費も膨らみ、経営体力の強化を迫られている。支援はJSRが要請した。短期の利益を求める株式市場の圧力から逃れる狙いがある。一時的な収益悪化や借金の増加といったリスクを取りながら、思い切った投資や買収を進める方針だ。政府にとっても、競争力の維持、強化は重要な課題である。半導体は経済安全保障の面からも重要物資とみなされ、主要国は周辺産業も含めて巨額の支援策を打ち出している。先端半導体の開発や生産で出遅れた日本勢だが、製造装置や材料には強みを持つ。感光剤の世界シェアは約9割に上る。今回は、救済色が強かった従来の投資とは一線を画し、成長力を高める戦略的な資金投入と位置付けられる。とはいえ、政府系ファンドとしては異例の投資規模だ。政府は今後10年で官民合わせて10兆円以上を半導体産業に投じる方針を掲げるが、効率や必要性の吟味が甘くなることがあってはならない。公正さの視点も不可欠だ。JSRは、政府系ファンドの「中立的な立場」を生かして関係者間の利害調整を進め、業界再編を主導する考えだ。だが、JICは巨額投資のリスクを負って経営権を握る。買収や統合を進める際に中立的な判断をできるかどうかは、見解が分かれよう。市場をゆがめるような再編を進めれば、長期的には産業のダイナミズムを損なう。政府系ファンドに本来期待されるのは、民間資金を集める呼び水となることだ。再編の主体はあくまでも企業である。競争環境に目配りし、産業界の潜在力を引き出す支援に徹するべきだ。,2023/7/4,JSRに政府系マネー 民間の力引き出せるのか
物価高の中、人々が安心して暮らせる水準に賃金を引き上げることが求められている。今年度の最低賃金の目安を決める議論が厚生労働省の審議会で始まった。最低限度の生活を支える役割がある。最低賃金の1・1倍未満で働く人は近年増加傾向にあり、2021年時点で1割強を占める。新型コロナウイルスの流行が本格化した20年度を除き、16年度から毎年3％以上アップしている。昨年度は全国加重平均で時給961円だった。全国の消費者物価指数は今年5月まで21カ月連続で前年同月を上回る。岸田文雄首相は1000円達成の目標を掲げるが、物価高を勘案すれば不十分だろう。正規雇用の場合、労使が直接、賃金を交渉する仕組みとして春闘がある。今春は30年ぶりの高水準となった。だが、中小企業で働く人や、全労働者の4割を占める非正規雇用は春闘の恩恵を受けられない場合が多い。これ以上、格差が広がらないよう最低賃金を引き上げていかなければならない。中小・零細企業には、経営を圧迫しかねないとして、大幅な引き上げに抵抗感を示すところもある。対応を促すための環境整備が必要だ。下請けの中小企業が、人件費の上昇分を適切に納入価格に転嫁できるようにすることが不可欠だ。大手企業は取引価格の適正化に努めるべきだ。地域間格差の解消も急がれる。22年度には、沖縄は東京より200円以上低かった。都市部と地方の差は縮まっていない。最低賃金の高い都市部へ地方から労働者が流出する一因となっており、地方議会から是正を求める声が上がっている。日本の最低賃金は、国際的にも低い。時給1000円では、年間フルタイムで働いても年収は200万円にとどまる。1人暮らしの労働者が安定した生活を送るには、1500円程度が必要とも言われており、底上げが欠かせない。岸田首相は少子化対策の柱として若者の所得向上を掲げる。将来展望が持てるよう、非正規も含めた労働条件の改善を後押ししなければならない。,2023/7/3,物価高騰下の最低賃金 安心して暮らせる水準に
金融知識が乏しい顧客に対し、十分な説明をせずに投資リスクの高い商品を売りつけていたとすれば、看過できない。金融庁は「仕組み債」の販売などに問題があったとして、千葉銀行と傘下のちばぎん証券、提携先である武蔵野銀行の3社に業務改善命令を出した。仕組み債は、デリバティブ（金融派生商品）を使った複雑な金融商品で、株価や為替などに連動して受け取れる金額が大きく変わる。高い利回りをうたう一方で、相場の動き次第で元本割れなど損失が生じる。金融商品取引法は金融機関に対し、顧客の知識や投資経験、資産状況などを事前に把握したうえで、それに応じた適切な商品を提供するよう求めている。仕組み債の特性を踏まえれば、金融知識が豊富な人だけに販売先を絞るのは当然のことだ。しかし、3社は投資経験の乏しい人にも仕組み債を勧めていた。中には初めて金融商品に投資する人もいたという。千葉銀と武蔵野銀は顧客の立場を顧みることなく、利点ばかりを強調して、ちばぎん証券につないだ。証券会社も顧客に詳細を確認しないまま販売していた。銀行経営は顧客の信頼に支えられている。「銀行が勧めるのなら」と取引に応じた人も多かったはずだ。背信行為だと言われても仕方あるまい。購入者からは、ちばぎん証券に多くの苦情が寄せられていたが、3社はそれを知りながら必要な対策を取らなかった。顧客軽視の姿勢は目に余る。仕組み債をめぐる不正は千葉銀などに限定されたものなのか、当局はチェックする必要がある。銀行の本業である貸し出し業務は低金利環境で採算が悪化している。手数料収入が期待できる仕組み債は地銀にとってうまみが大きい。金融庁によると、昨年3月時点で8割近い地銀が扱っていた。最近は販売を中止する地銀が増えているが、高リスク商品の問題が解消されたわけではない。岸田文雄政権は資産所得倍増を掲げる。個人のニーズや実情に合った金融商品を提供できる環境を整えなければ、投資促進の流れはつくれない。,2023/7/3,仕組み債で地銀処分 顧客の信頼裏切る行為だ
有事における海上保安庁と自衛隊の役割分担を明確にしておくことは重要だ。「海の警察」とも呼ばれる海保の位置づけが揺らいだり、軍事衝突に巻き込まれたりすることがあってはならない。日本が攻撃にさらされた場合、防衛相が海保を統制下に入れることができるとの規定が自衛隊法にある。ただ、そうした事態が生じる可能性は低いなどとして、具体的な手続きを含む「統制要領」は策定されていなかった。今年4月、政府は初めて統制要領をまとめ、概要を公表した。6月には伊豆大島沖で、統制要領に基づく海保と自衛隊の初の共同実動訓練も実施した。中国の軍拡などで安全保障環境が厳しさを増す中、日本への攻撃に備えておくべきだという考えが背景にある。最大のポイントは、「軍隊の機能を営むこと」は認められないと定めた海上保安庁法25条に基づき、海保の活動を非軍事分野に限定したことだ。自衛隊が侵攻への対処に集中できるよう、海保は民間船の退避や人命救助などで最大限の役割を果たすという。組織の違いを踏まえて役割分担を明示したのは妥当な判断だ。だが、海保がミサイルやドローン、機雷などで攻撃される可能性は排除できない。政府は自衛隊が持つ情報を基に危険回避に努める方針だが、有事に「安全な海域」を特定するのは極めて難しい。リスクを最小化するため、周辺国に海保の性格や活動内容を周知しておく必要がある。自衛隊との一体化を疑われるような行動も控えなければならない。海保は毎日のように沖縄県・尖閣諸島に接近してくる中国公船と、最前線で対峙（たいじ）している。警察機関として法の執行に専念することで、軍事衝突へのエスカレートを防いできた。国家間の偶発的な衝突を避けるため、状況をコントロールする知恵が求められている。南シナ海で中国と領有権や資源を争う東南アジアの国々には、海保の手法を学び、危機管理に生かそうとする動きが広がっている。自衛隊との連携強化によって、こうした海保ならではの特長が損なわれることがないよう、政府は細心の注意を払うべきだ。,2023/7/2,海保と自衛隊の連携 役割堅持し衝突の回避を
いかなる国の主権も及ばない公海における生態系の保全を目指す国際協定が、国連加盟国の会合で採択された。地球の共有財産を守る出発点にしてほしい。公海は、世界の海の3分の2を占める。すべての国が、航行、漁獲、科学的調査などを自由に実施できる原則がある。協定は、生態系に関する初のルールで、画期的な内容と言える。海洋保護区の創設や、開発行為に先立つ環境影響評価の実施を定めた。海洋生物の遺伝情報を使った新薬開発などで得られた利益を配分する仕組みを作ったり、途上国の保全活動を支援したりすることも盛り込まれた。海からもたらされる恵みは極めて大きい。取った魚は食料となる。深海にはさまざまな資源が眠る。汚染物質を分解し、大気中の熱や二酸化炭素を吸収する役割も担う。国連のグテレス事務総長は「海は地球の生命線だ」と語る。ところが、漁業者による水産資源の乱獲やプラスチックなどの汚染、地球温暖化によって、海の環境が大きく変容している。生態系への影響は深刻で、海洋生物の約1割が絶滅の危機にある。レアメタルなど貴重な資源への関心が高まり、大規模な開発が加速する恐れがある。国際社会は、2030年までに世界の陸と海の30％以上で生態系を保全する目標「30by30（サーティー・バイ・サーティー）」を掲げる。協定が、目標達成の後押しになることが期待される。ただし、沿岸国から遠く離れた保護区域の監視などを、誰が、どのように実施するのかは決まっていない。いかに経済活動とバランスを取るかも課題だ。実効性を確保する仕組み作りが欠かせない。持続可能な利用を拡大するという協定の目的を達成するには、漁業者や企業の理解と協力を得ることが重要だ。発効には60カ国以上の批准が必要だ。今年5月に広島で開かれた主要7カ国首脳会議（G7サミット）は、協定の迅速な発効を呼びかけた。生態系は重大な危機に直面しており、保全は待ったなしだ。G7議長国の日本は、早期の発効に向けてリーダーシップを発揮しなければならない。,2023/7/2,公海の生態系保全協定 共有財産を守る出発点に
香港はかつて「東洋の真珠」と呼ばれ、世界を魅了してきた。だが、今は社会に閉塞（へいそく）感が広がり、活力をなくしている。反政府的な言動を取り締まる香港国家安全維持法（国安法）が施行されて3年となった。「中国式」の統制の強化が続いている。政府に批判的な「蘋果（りんご）日報」は廃刊となり、民主派団体の多くが解散に追い込まれた。今春には、日本に留学中の香港人女性がネット投稿を問題視され、香港に一時戻った際に国安法違反容疑で逮捕された。投稿には香港独立を支持する内容が含まれていた。国安法が香港域外の行為に適用された初の事例とされる。国安法施行後、259人が逮捕され、160人が起訴された。香港政府幹部は「一般の人が法の網にかかることはあり得ない」と強調する。だが、香港警察に設置された通報窓口には約40万件の情報が寄せられ、密告を恐れる住民は言動を自己規制せざるを得ない状況となっている。警察出身者で初めて香港政府トップとなった李家超行政長官は就任後の1年間、中国の習近平国家主席が掲げる「愛国者による香港統治」の実現に注力してきた。香港政府は、2019年の大規模抗議デモで歌われた楽曲「香港に栄光あれ」の放送や配信を禁止するよう裁判所に申し立てた。学校現場での愛国教育にもさらに力を入れる構えを見せている。地方議会に当たる区議会の選挙制度を変更し、住民の直接投票で選ぶ議席を定数の9割以上から2割以下に削減する見通しだ。19年の選挙では民主派が8割超の議席を獲得したが、11月に予定される選挙では親中派議員が多数を占めるのは確実とみられている。統制の息苦しさから、住民が外国に移住する動きに歯止めがかからない。李長官は昨秋、「この2年間で労働人口のうち14万人が流出した」と説明した。香港に進出する外国企業から人材不足を懸念する声が出ている。香港が英国から中国に返還されて7月1日で26年となる。高度な自治を保障した「1国2制度」の形骸化は隠しようもない。それが国際都市としての輝きを失わせていることを、中国指導部と香港政府は直視すべきだ。,2023/7/1,統制強化続く香港 国際都市の輝き失われた
企業は持続的な成長に向け、株主との対話を深める必要がある。3月期決算企業の大半が株主総会を終えた。ピークとなった29日には全体の4分の1にあたる約600社が開催した。目立ったのは、企業に経営改善を突きつける株主の動きだ。三菱UFJ信託銀行によると、6月開催の総会で株主提案を受けた企業の数は90社にのぼった。議案数は340件を超える。いずれも過去最多だ。「物言う株主」と呼ばれる機関投資家を中心に、経営に対する監視姿勢を強めている。日本企業ではかつて、会社提案がほとんど議論されずに可決される「シャンシャン総会」が当たり前だった。企業同士の株式持ち合いなどが背景にあった。こうした慣習は今や過去のものとなり、企業と株主の間に一定の緊張関係が生まれたことは前向きな変化と言える。株主の厳しい視線は、企業統治を改善する原動力ともなっている。顧客情報の不正閲覧などが発覚した大手電力各社の総会では、原因となった子会社との資本関係の見直しなど再発防止に向けた提案が相次いだ。経営戦略への疑問などを理由に、取締役の続投に反対票を投じる株主も増えている。女性登用や環境対策といった社会の関心に企業が応えられているかどうかを重視する傾向も年々、強まっている。経営改善や収益向上を迫る株主からの圧力は今後、さらに増していくだろう。真摯（しんし）に向き合い続けることが企業価値の向上にもつながるはずだ。短期的な利益を求める株主と企業が敵対する場面も目立つ。是々非々で臨むのは当然だが、あくまでも市場のルールに沿った対応を心がけねばならない。投資会社に大量の株式を握られた石油元売り大手は、買収防衛策の採決から、この投資会社を排除した。本来は少数株主を守る目的で極めて例外的に使われる手法だ。企業側の保身と見られれば、市場の不信を招きかねない。企業は株主に加え、顧客や社員など多くの人に支えられている。経営陣には多様な声を吸いあげた上で、課題解決に向けた明確な戦略を示すことが求められている。,2023/7/1,活性化する株主総会 企業価値を高める契機に
世界の動きから大きく取り残されている。現実を直視することから始めなければならない。世界経済フォーラムが発表した今年の男女平等度ランキングで、日本は146カ国中125位だった。過去最低の順位である。完全な平等を「1」とした場合のジェンダーギャップ指数は0・647だ。発表が始まった2006年から横ばいである。有効な手を打たないうちに、多くの国に追い抜かれた形だ。経済、教育、健康、政治の4分野で評価されるが、不平等さが顕著なのは経済と政治である。経済分野では123位に低迷した。要因は、企業の役員や管理職に女性が少ないことだ。上場企業の役員に占める割合は、昨年7月時点で9・1％にとどまる。東京証券取引所の最上位「プライム市場」で見ても、女性役員ゼロの企業が2割近くある。女性が指導的立場にいる企業の方が、利益率が高いとの研究がある。業績に響きかねない問題だ。投資家の目も厳しい。役員に女性がいない企業の株主総会では、トップの選任に反対する動きが出ている。政府は東証プライム上場企業について、30年までに女性役員の比率を30％以上とする目標を設定した。各企業が積極的に、人材の育成と登用を進めるべきだ。より深刻なのは、政治分野である。改善を進めて順位を上げた国が目立つ中、138位と最下位に近いレベルに落ち込んでいる。衆院議員464人のうち、女性は48人しかおらず、割合は10・3％である。閣僚は20人中2人だけだ。長らく問題視されてきたにもかかわらず、この有り様だ。参院を含めた国会議員の女性比率が11・8％にとどまる自民党はようやく、今後10年間で30％に引き上げる目標を掲げた。衆院選の比例ブロックでは女性候補者を名簿の上位に載せるという。実現に向け、本気度が問われる。男性に偏った組織は議論が硬直化しやすい。意思決定の場に多様な視点があってこそ、変革が可能になる。女性の参加を阻む障壁は取り除かなければならない。現状を打破するには社会全体で真剣に取り組む必要がある。さもなければ日本の未来は開けない。,2023/6/30,男女平等度が世界125位 改善なければ未来開けぬ
東京電力福島第1原発1号機で、原子炉を支える鉄筋コンクリート製の土台に損傷が見つかり、東電の対応が問われている。厚さ1・2メートル、直径6メートルの筒形で、核燃料を収めた圧力容器を支えている。ロボットを使って調べた結果、土台のほぼ全周に損傷がみられ、鉄筋がむき出しになっている様子が確認された。1号機では2011年3月に炉心溶融事故が起きた。大量の核燃料が溶けて圧力容器を破り、格納容器内に散乱した。その際、高温状態が長期間続いたことでコンクリートが溶解したとみられる。懸念されるのは、地震などの衝撃に土台が耐えきれず、圧力容器が沈み込むことだ。配管部分に負荷がかかって格納容器に穴が開き、内部の放射性物質が外に漏れ出す事故につながりかねない。1号機の原子炉建屋は水素爆発で大きく壊れ、気密性が低い。不測の事態に備えて覆いを設置するなど、対処が求められる。事故から12年が経過し、溶け落ちた燃料の分布など、廃炉作業に欠かせない原子炉内部の様子が少しずつ分かってきた。一方で、事故直後には予想しなかった新たな事態が明らかになった。部材の劣化は今後も進む。決して安心できる状況ではない。東電の姿勢にも懸念が残る。損傷の全容が分かった今年4月の時点では「22年3月の最大震度6強の地震にも耐えた」として、土台の機能は保たれていると説明していた。これに対し原子力規制委員会は「非常に楽観的な見方だ」と指摘し、土台が機能しない前提で影響を評価し直すよう指示した。東電の再評価によれば、沈み込みの衝撃で放射性物質が一時的にまき上げられる可能性があるが、影響は軽微だという。だが、事態を過小評価したり、不都合な事実から目をそらしたりするようなことがあってはならない。再稼働を目指す柏崎刈羽原発を巡っても東電は、テロ対策の不備に改善がみられないとして、規制委から待ったをかけられている。危機感を持って目の前の事象に対処しながら、廃炉作業を着実に進めていく。福島の事故を起こした東電が果たさなければならない責務である。,2023/6/30,福島原発の土台損傷 東電は危機感持ち対応を
和平を求めるアフリカの切実な願いも、プーチン露大統領には届かなかった。南アフリカ、エジプト、セネガル、コンゴ共和国、コモロ、ザンビア、ウガンダの首脳がウクライナとロシアを訪れゼレンスキー、プーチン両大統領と会談した。「戦争を終わらせるべきだ」。南アのラマポーザ大統領はそう訴えて和平案を示した。ウクライナからの露軍撤退や、ベラルーシに配備された戦術核の撤去が柱だ。ゼレンスキー氏はロシアによる占領が続く限り、交渉に入らないと述べた。プーチン氏は紛争を始めたのは西側だとの持論を展開し、和平案は実を結ばなかった。アフリカ諸国の多くはかつて欧州の植民地だった。独立の過程で旧ソ連の支援を受け、冷戦時代、東側の影響下にあった国もある。対露制裁に加わらない背景にはこうした歴史的事情もある。7カ国の中では、南アとウガンダがロシア寄りとされている。そうした国々も、戦争を終わらせるべきだと考えていることをロシアは重く受け止めねばならない。アフリカ諸国はこれまで、域内の紛争では、協調して解決に乗り出してきた。大陸外で仲介外交を展開するのは異例だ。ウクライナ侵攻から1年4カ月が過ぎ、影響は各地に広がる。アフリカのような貧困層の多い地域では特に打撃は大きい。黒海の封鎖で、ウクライナやロシアから穀物、肥料を輸入できなくなり、深刻な食糧不足を招いた。エネルギー価格の高騰でインフレも起きている。新型コロナウイルス感染拡大で経済が落ち込む中での物価高騰は、政情不安につながりやすい。指導者には、市民の不満が政権に向かうことへの危惧がある。アフリカ7カ国の首脳はロシアに人道的な対応も求め、ウクライナから連れ去った子どもを帰国させるよう訴えた。占領地からの住民の移送は戦争犯罪だ。プーチン氏は「子どもたちを紛争地から移動させ、生命と健康を救った」と説明したが、暴論というほかない。プーチン氏はウクライナ危機の早期収束を希求する新興・途上国の声に耳を傾け、直ちに軍を撤退させる必要がある。,2023/6/29,ウクライナ侵攻 アフリカの仲介 和平を求める切実な声だ
コンピューターゲームなどの腕を競う「eスポーツ」の国際大会がシンガポールで開かれた。五輪での採用やビジネス拡大を視野に入れ、国際オリンピック委員会（IOC）が主催した。「オリンピック・eスポーツ・シリーズ」と銘打たれた大会には、日本を含めた64カ国・地域から131選手が参加した。自転車、アーチェリー、セーリング、ダンス、野球、チェス、テニス、射撃、モータースポーツ、テコンドーの10競技が実施された。ゲーム機のコントローラーなどを操るだけでなく、激しい身体活動を伴うものもあった。新型コロナウイルスの感染拡大で、対面での接触は制限された。半面、テレワークやオンライン会議が普及し、画面越しのやりとりにも抵抗感が少なくなった。バーチャル（仮想）スポーツも話題を呼んだ。自転車の「ツール・ド・フランス」では、世界各地にいる選手をオンラインでつなぎ、画面を見ながら固定式の自転車をこぐレースも行われた。IOCは五輪改革の指針で、バーチャルスポーツの発展促進やゲーム界との連携を掲げている。世界的にゲーム愛好者は多く、eスポーツはファン層拡大の可能性を秘める。スポンサー獲得の期待も大きい。新たな五輪ビジネスの市場となるのは間違いない。競技によっては、性別や年齢、体格などに関わらず対戦できる。多様性や寛容さを求める現代社会に合っているとの見方もある。近年はスケートボードやサーフィンなど若者に人気の競技が五輪の仲間入りを果たしている。ただ、eスポーツが五輪の精神に沿うかどうかの検討は必要だろう。「オリンピズムは肉体と意志と精神のすべての資質を高め、バランスよく結合させる生き方の哲学である」。五輪憲章の根本原則に記された一節だ。世界保健機関（WHO）はゲームのやり過ぎで日常生活が困難になる「ゲーム障害」に警鐘を鳴らしている。IOCはこうした懸念にも目を向け、若者の健全な成長を促さなければならない。五輪の将来像を描くには、スポーツの本質を問い直すことが欠かせない。商業主義の視点に偏らない議論が求められる。,2023/6/29,eスポーツと五輪 商業主義に偏らぬ議論を
日本で暮らす外国人の権利を守る。そのための仕組みづくりを加速させる必要がある。即戦力となる外国人労働者を受け入れる目的で、4年前に導入された特定技能制度について、政府が今月、対象の拡大を決めた。「特定技能」の在留資格は、12の産業分野で働く人が取得でき、「1号」と「2号」に分かれる。1号は在留が最長5年に限られ、家族を帯同できない。3月末の在留者は15万4864人に上る。試験で熟練した技能を持つと認められれば、2号の資格を得られる。事実上、在留期間の上限がなくなり、家族とも暮らせる。ただ、2号を取得できるのは、「建設」「造船・舶用工業」の2分野だけだった。今回の決定により、12分野全てで長期間の就労が可能になる。これまで2号の適用が限定されていたのは、自民党保守派が反対していたからだ。「一家での永住につながり、実質的な移民の受け入れになる」との理屈である。だが、製造業や農業、飲食業など、広い分野で人手不足が深刻化している。経済界から拡大を求める声が高まっていた。人口減少に歯止めはかからず、2070年には全人口の1割を外国人が占めるとの推計も示された。自民党も拡大を了承した。日本では、外国人が雇用の調整弁として扱われてきた。受け入れ政策は、経済情勢に応じた場当たり的なものだった。労働者や生活者としての権利は、ないがしろにされてきた。特定技能の資格で働く人の賃金水準は、まだ低い。1号の制限見直しも含め、制度をさらに改善していくべきだ。国際貢献に名を借りた技能実習制度は、低賃金や長時間労働などの問題を生んでいる。直ちに廃止し、特定技能制度の枠組みに取り込む必要がある。外国人は今や、社会を支える一員として欠かせない存在だ。定住化を見据えた生活支援の強化も大切である。日本語教育の重要性が指摘されてきたが、行政の取り組みは不十分だ。企業や地域任せでは限界がある。外国人も安心して暮らせる共生社会の実現に向け、国が積極的に関与しなければならない。,2023/6/28,特定技能制度の拡大 権利守る取り組みさらに
社会的な責任を負う大企業が、新型コロナウイルス対策の関連業務で巨額の公費を詐取していたとすれば、許しがたい。旅行大手・近畿日本ツーリストの支店長ら3人が、ワクチンの接種業務の受託費を過大請求したとして詐欺容疑で逮捕された。東大阪市から受託したコールセンター業務に関し、オペレーターの人数を水増しして約5億8900万円を請求していたとされる。再委託先には出勤簿を改ざんさせていたという。匿名の通報が3月に市にあり、判明した。社内調査によると、不正があったのは、この支店に限らない。過大請求は全国63自治体で計14億7000万円に達する可能性があると公表している。近ツーの親会社は、26日の株主総会で謝罪した。だが、不正に受け取った分を返還するだけでは信頼は取り戻せまい。調査を徹底し、経営陣を含め責任の所在を明確にする必要がある。コロナ関連の受託事業を巡る不正行為は近ツーにとどまらない。他社でも相次いで判明している。人材派遣大手・パソナもコールセンター業務で、再委託先企業が大阪府枚方、吹田両市と兵庫県西宮市に計10億8000万円を過大請求していた。日本旅行は、愛知県から受託した全国旅行支援に関する書類審査業務で、人件費を500万円以上、上乗せしていた。他の都道府県でも同様の行為がなかったか調査している。コロナ感染を調べる検査事業でも、実施回数を改ざんするなどした補助金の不正申請が各地で発覚している。東京都は、11事業者が計183億円を不正申請していたと発表した。大阪府の抽出調査でも、15事業者のうち半数近くの7事業者で計42億円の不正が見つかった。他の自治体でも同じような問題がないか調べるべきだ。コロナ禍では、検査やワクチン接種の体制整備が急がれた。外出自粛が長引き、観光業界などで支援を求める声も広がった。スピード重視で審査が甘くなる恐れは当初から指摘されていた。国や自治体は再発防止のため、事業を検証し、問題があれば厳正に対処しなければならない。,2023/6/28,コロナ事業の不正請求 企業の責任厳正に追及を
反乱の遠因を作ったのは、民間軍事会社「ワグネル」をご都合主義で利用してきたプーチン露大統領である。ウクライナ侵攻に参戦したワグネルの指導者プリゴジン氏が武装蜂起した。南部ロストフ州で軍施設を制圧しモスクワへ進軍した。約20年間にわたりロシアを統治してきたプーチン氏がこれほど大規模な造反に直面したのは初めてだ。威信の低下は避けられない。大統領は緊急テレビ演説で「国を分裂させるような行動は国民に対する裏切りだ」と非難し、連邦保安庁は反乱罪で一旦は捜査に乗り出した。ところがプリゴジン氏は突如、進軍をやめて兵を撤収し、プーチン政権は罪に問わない決定を下した。隣国ベラルーシのルカシェンコ大統領が事態収拾を仲介したという。ワグネルを創設したプリゴジン氏はプーチン氏と近い関係にあった。中東やアフリカの紛争地に部隊を送り、天然資源などロシアの権益確保に取り組んできた。ウクライナ侵攻では多大な犠牲を払いながら、軍から十分な武器弾薬の補給がなされていないと主張し、ショイグ国防相やゲラシモフ参謀総長と対立した。「ウクライナと北大西洋条約機構（NATO）はロシアを攻撃しようとしていなかった」とも語り、プーチン政権による侵攻の「口実」を否定した。ロシアは侵攻を当初、「特別軍事作戦」と位置づけた。自衛戦争ではないため予備役を招集しにくく、ワグネルに頼らざるを得なかった。こうしたまやかしがプリゴジン氏を増長させた。軍部の権力が強大化するのを警戒したプーチン氏が、けん制のため利用したとの見方もある。国際人道法では、正規軍兵士が市民を殺害した場合、命じた上官や国家指導者の責任が問われる。一方、民間軍事会社の場合、政府や軍は無関係だと主張できる。ロシアでは民間軍事会社の活動は認められていないが、ワグネルは国防省から兵器を供給されてきた。政府の関与は明らかだ。混乱はプーチン氏による強引な侵攻が招いた結果だ。国内の安定を望むのであれば、ウクライナから早期に軍を撤退させるべきだ。,2023/6/27,露ワグネルの反乱劇 侵攻のほころび露見した
アプリ市場の競争を促す規制案を政府がまとめた。消費者が不利益を被らないよう、実効性を高める対策が求められる。スマートフォンのアプリ市場は基本ソフト（OS）を提供するプラットフォーマーの寡占状態にある。アイフォーンではアップルのストアからしか入手できない。課金もOS事業者の決済システムを使うよう強制され、アプリ開発者が支払う手数料は売上高の最大30％に上る。「アップル税」と呼ばれ、利用者にも転嫁される。政府はOS事業者を対象にした規制を設ける。他社の決済システムやアプリストアも利用できるようにする方針だ。競争を促すことで、手数料を下げる狙いがある。問題は実効性だ。決済手段が自由化された韓国では、アップルやグーグルが規制をかいくぐるようなルールを設けた。手数料の下げ幅はわずかで、効果は限られる。このため日本では、ストアの新規参入を可能にすることで競争を確保する方針だ。ただ、個人情報を不正に収集するなど悪意のあるアプリが流通しないよう、OS事業者による他社ストアの監督を認める。消費者の安全を守る対策は不可欠だ。しかし、OS事業者が他社に過大な対策を求めて新規参入を阻害し、手数料を高止まりさせるようなことがあってはならない。規制当局はしっかりと監視する必要がある。アップルやグーグルは規制強化に反発している。ストアの運営やスマホの安全性確保に巨額の費用がかかるという。だが、収益構造の説明は十分といえず、手数料が割高に設定されているとの疑念が拭えない。競争環境を整備することで、おのずから適切な水準に落ち着くのではないか。安全対策に欠けたストアは淘汰（とうた）されるはずだ。プラットフォーマーの市場支配力は強く、自社に有利なルールを形成している。技術やビジネスモデルの進化も速く、政府の対応は後手に回りがちだ。一方で、規制が強すぎれば、技術革新の妨げになる。スマホは今や社会インフラだ。デジタルの恩恵を享受しつつ、独占の弊害を排除する。求められるのは、「賢い規制」の導入である。,2023/6/27,「アップル税」に規制案 アプリ市場の競争確保を
国賓として米国を訪問したインドのモディ首相とバイデン米大統領が会談した。武器調達から、がん治療まで幅広い分野で協力を進めることで合意した。なかでも踏み込んだのが軍事分野だ。米国が無人航空機を供与し、戦闘機エンジンをインドで共同生産する。同盟国並みに関係が深まった。バイデン氏は米印関係について「世界で最も重要で、歴史上最も強固だ」と述べ、モディ氏は「新たな章の始まりだ」と応じた。インドはウクライナに侵攻したロシアから石油と武器を買い続けている。少数派のイスラム教徒への抑圧もやむ気配はない。これに対し米国内の批判は強い。それを脇に置いてまで両国を結び付けたのが、高まる中国への警戒感である。米国は中国を「唯一の競争相手」と位置付けている。成長著しい経済大国のインドとの連携強化は、重要物資のサプライチェーン（供給網）における中国依存度を低減させる。インドは中国と国境紛争を抱え、海洋進出の動きにも神経をとがらせている。無人航空機は監視が困難な山岳地帯やインド洋での情報収集能力を向上させる。懸念されるのは、米印の急接近が中国を刺激し、緊張が高まって地域の安定が損なわれることだ。米印は中国を封じ込めることではなく、地域に安定をもたらすことが目的と強調している。重要なのは、それを行動で示すことだ。課題は山積している。どうすればロシア軍を撤退させ、和平を実現できるか。債務危機で国家破綻の瀬戸際にある途上国をどう救済するか。気候変動に対処し、核の脅威を取り除くことも急務だ。人口が世界最多となったインドは経済規模も数年で日本を抜いて3位になると見られている。国際社会での影響力も強まるだろう。責任もそれだけ重くなる。インドは中露が主導する地域枠組み「上海協力機構」にも参加する。米国、中露双方と話ができる特異な立場を生かせば、橋渡し役も担える。中国に対抗するだけの打算的な関係を超えて、地域を安定に導く。米印は国際社会の公共財としての役割を果たす責任がある。,2023/6/26,深化する米印関係 大国の責任果たす土台に
政治家の「世襲」への批判が再燃している。岸田文雄首相の長男翔太郎氏が首相公邸で忘年会を開いたり、岸信夫前防衛相の長男信千世氏が家系図をホームページに掲載したりしたのがきっかけだ。世襲候補に明確な定義はないが、父母か祖父母が国会議員だったか、3親等内の親族に国会議員がいて同じ選挙区から立候補した場合を指すことが多い。2021年の前回衆院選では、世襲候補は全体で12・5％を占めた。政党別では自民党が約3割、次いで立憲民主党が約1割で、自民党の割合が突出している。自民党もかつて制限に乗り出したことがある。09年衆院選の政権公約で、引退議員の配偶者や3親等内の親族が同一選挙区から立候補する場合、次の総選挙から「公認、推薦しない」と明記した。当時の民主党が国会議員の世襲禁止を打ち出したのに対抗する狙いがあった。だが、選挙で惨敗し、野党に転落すると、撤回してしまった。世襲候補は、選挙の勝敗を左右するといわれる地盤（組織力）、看板（知名度）、かばん（資金力）を親族から引き継ぐ。非世襲候補に比べて当選率が極めて高いというデータが示されている。現状のままでは、政治家を志す有為な人材の新規参入を阻むことになりかねない。国会の構成はゆがみ、多様な民意が反映できなくなる。09年の世襲候補制限を党役員として主導した菅義偉前首相は、当時「幅広く多彩な人材を登用するのが政治の基本」「さまざまな立場の意見を国政に反映させるため、自浄作用を働かせなければならない」と警鐘を鳴らしていた。自民党も候補者の公募制度を導入している。だが、現職議員が引退表明を衆院解散の直前に行うことで、事実上、世襲候補以外の選択肢を封じるケースが後を絶たない。世襲候補しか応募者がいない場合もあり、「名ばかり公募」が目に付く。国会議員は公職であり、全国民の代表だ。個人後援会や親族のものではない。候補者選考にあたり、予備選を導入するなど、公正な競争を促し、多様な人材を登用できる仕組みを、各政党は真剣に検討すべきだ。,2023/6/26,国会議員の世襲と政党 多様な人材阻まぬ工夫を
緊急時に備えて食料を安定的に調達する政策を、政府が強化する。紛争や世界的な凶作で輸入が途絶えるリスクを考慮したものだ。新型コロナウイルスの感染拡大やロシアのウクライナ侵攻では、農産物や肥料の需給が逼迫（ひっぱく）し、価格が高騰した。地球温暖化で干ばつなどのリスクも高まっている。農林水産省が関連法の見直しを提案し、岸田文雄首相は工程表の策定を指示した。食料危機に陥った場合、花の生産者らに穀物やイモの生産を命じたり、買い占めを防いだりする仕組みを整備する。だが、農作物は号令をかければ増産できるものではない。生産基盤を強化する改革が不可欠だ。日本の農業は構造的なもろさを抱えている。担い手は約20年で半減した。平均年齢は70歳に迫り、今後は加速度的に減少しそうだ。耕作放棄地も増加している。稲作農家の保護を優先してきた農政は行き詰まっている。作付けを減らす減反を廃止する一方で、飼料米への転作を促して主食米の生産を抑え、米価を維持する機能を残した。そうした施策が生産性の向上を阻むと同時に、消費者のコメ離れを招いている。大規模農家への農地の集約も道半ばだ。耕作面積は増えても農地が点在するため、効率が上がらないケースがある。人手不足でITやロボットへの投資も迫られ、規模拡大の必要性は高まる一方だ。危機感をテコに構造転換を進めなければならない。高齢化による離農の増加は、若手に農地を集約させる契機にもなる。地方自治体などが指導力を発揮すべきだ。政府は小麦や大豆、トウモロコシへの転換も進める方針だ。ただ、補助金を大盤振る舞いする余裕はない。コメに偏重した財政措置を見直し、効率的な支援策を講じる必要がある。担い手が政府頼みの体質から脱却しなければ、農業の持続性は保てない。消費者の関心や市場の動向に目配りし、自律的に経営できる生産者の育成こそ、農政の最大の課題である。国内だけでは食料をまかなえず、輸入相手国の多様化など海外からの安定調達は引き続き重要な課題となる。食料安保にかかる費用と効果を見定め、バランスの取れた政策運営に知恵を絞る時だ。,2023/6/25,食料安全保障と農政 生産力高める改革が急務
社会のデジタル化に伴い、インターネットを舞台にした犯罪が広がり続けている。対策を急がなければならない。新型コロナウイルスの感染拡大により、オンラインサービスやキャッシュレス決済が急速に普及したことも背景にある。典型的なのはクレジットカードの不正利用だ。日本クレジット協会の統計によれば、2022年の被害総額は436億7000万円で、統計を取り始めた1997年以降の最高額となった。企業へのサイバー攻撃によるカード情報の漏えい、偽サイトに個人情報を入力させる「フィッシング」などで集められた情報が悪用されている可能性が高い。パソコンやスマートフォンに「ウイルスに感染した」などと偽の警告を出して不安をあおり、復旧作業料名目でプリペイド型電子マネーを購入させる「サポート詐欺」も横行している。独立行政法人「情報処理推進機構」には22年、過去最多となる2365件の相談が寄せられた。泣き寝入りする被害者も少なくないとみられる。捜査当局や行政による対策は追いついていない。警察庁の有識者会議は4月に公表した報告書で、警察が窓口対応に消極的なことを問題視した。警察署に相談に来た人に「捜査しても攻撃者にたどり着くことは難しい」などと応答した例を挙げ、丁寧に話を聴くよう求めている。ネット上で通報や相談を受け付ける仕組みもあるが、現在は都道府県警ごとに設置されていて使い勝手がよくない。そのため、23年度中に窓口が警察庁に一元化される見込みだ。しかし、警察の対応だけでは限界がある。消費生活センターなど他の相談機関との業務の分担、他省庁との被害情報の共有などを進めなければならない。民間の力を活用した被害者支援のネットワーク作りも必要だろう。市民の協力も欠かせない。コンビニエンスストアの店員が高額の電子マネーを購入する高齢者に気づき、被害を未然に防いだケースが数多く伝えられている。ネット犯罪の被害に歯止めをかけなければならない。そのためには一人一人がリスクを意識し、官民を挙げて取り組む必要がある。,2023/6/25,広がるネット犯罪 被害防止へ情報の共有を
「チャットGPT」などの生成AI（人工知能）の取り扱いを巡り、学校現場に戸惑いが広がっている。テーマを示して作文やリポートの作成を指示すると、AIがインターネット上の情報を集めて即座に文章を作る。本人が書いたものなのか、AIによるものなのかを見分けるのは難しい。作文などの学習で重要なのは、自分で主張や構成を考えたり、言いたいことが伝わるように文章を推敲（すいこう）したりする過程だ。それを省略したのでは、思考力や表現力が身につかない。誤った情報を基に、AIが間違った答えを出す場合もあり、不適切な使用が広がれば知的な成長を妨げる恐れがある。一方で、使い方次第で学習の活性化に役立つとの声もある。AIが提示するさまざまな見解は、議論のたたき台となりうる。一部の学校は既に活用を始めている。「生命とは何か」とAIに問い、返ってきた答えを巡って生徒が議論を交わすなどの授業を実践している高校もある。短所と長所を踏まえ、子どもに「AIリテラシー」教育を施すことが欠かせない。文部科学省は、学校現場向けのガイドラインを近く公表する。原案は、創作活動やテストでの使用を不適切とみなし、グループ学習などでの「限定的な利用」を想定している。子どもが家庭で夏休みの宿題に使うケースもありうる。だが、AIに頼ったのでは考える力が損なわれかねない。こうした点を学校で分かりやすく教えてほしい。大学では、情報の処理を効率化するなど、研究活動を促進するための活用法を模索する動きも出ている。国立大学協会は先月、「負の側面を克服しつつ、積極的な活用を試みるべきだ」との会長名による見解を公表した。その上で、論文作成などでの安易な使用に対する懸念にも触れ、大学ごとに明確なルールを設けるよう促した。問われているのは、子どもや学生の主体的な学びをAIがサポートする仕組みを築けるかどうかだ。国と学校が連携して、新しい技術の可能性とリスクを見極めていく必要がある。,2023/6/24,生成AIと学校 考える力損なわぬ工夫を
患者らの遺伝子を調べて病気の診断・治療に活用する「ゲノム医療」の推進法が成立した。一人一人の体質や病状に応じた医療を提供できる。病気の原因となる遺伝子が分かれば、新たな治療法の開発にもつながる。国は今後、法律に基づく基本計画を策定する。研究開発などの推進策や目標を定め、世界最高水準の医療の実現を目指す。現場では、既に取り組みが始まっている。代表例が、がんゲノム医療だ。2019年に検査が保険適用となり、約5万人が受けた。他に治療法がない患者のうち約1割に対して、効果を期待できる薬が見つかったという。関係者の期待が大きい一方で、課題もある。ゲノムは「究極の個人情報」と呼ばれる。医療への活用に当たり、特に注意しなければならないのが情報の扱いだ。病気に関わる情報が分かることから、医療保険の加入制限や就職・昇進における差別、結婚に際しての偏見などが心配されている。差別を恐れて検査を受けないケースもある。そこで、法律の基本理念に「ゲノム情報による不当な差別が行われることのないようにする」と盛り込んだ。情報の適切な管理のために、国は、医師や研究者が守るべき事項を示す指針を作る。不安なく医療を受けられるようになれば、より多くの情報が集積され、研究や治療開発の進展につながると期待される。ただし、詳細な禁止事項や違反した事業者への罰則を法律に明記している米国などと異なり、日本では、どのような行為が差別に当たるかも定められていない。ゲノムの意味や病気との関連性について、正しく理解することも重要だ。自分のゲノムを知る権利とともに、「知りたくない」と考える人の思いも尊重されなければならない。患者らが戸惑ったり悩んだりすることがないよう、専門家によるカウンセリングを確実に受けられる環境を整える必要がある。現在、ゲノム医療を実施しているのは、都市部の医療機関が中心だ。誰もが希望する医療を受けられる体制の整備と、差別につながらない法律の運用が求められる。,2023/6/24,ゲノム医療法の成立 差別を生まぬ運用が肝要
政府が防衛力の強化を推し進める中、沖縄の「慰霊の日」を迎えた。78年前、太平洋戦争末期の沖縄戦で組織的な戦闘が終結したとされる。日米双方で約20万人が犠牲となり、うち一般住民の死者は約9万4000人に上った。米軍の本土上陸を遅らせるため、沖縄での持久戦に持ち込もうとした旧日本軍の作戦が悲惨な結果を招いた。自分たちの国の一部を「防波堤」のように扱い、多くの命を失った教訓を決して忘れてはならない。戦争は弱い立場の人たちに犠牲を強いる。それは過去の出来事ではない。ロシアによるウクライナ侵攻では、子どもを含む多くの市民が命を落としている。平和を取り戻すため、最大限の努力を続ける必要がある。米中対立を背景に、日本周辺でも台湾海峡を巡る緊張が高まっている。政府は昨年末、安全保障環境の変化を理由に、相手国内の軍事拠点をたたく「反撃能力（敵基地攻撃能力）」の保有を決定した。沖縄を含む南西地域の離島に陸上自衛隊の駐屯地を開設し、ミサイル部隊などを配備している。沖縄本島の陸自部隊の増員や、医療態勢の強化も進める方針だ。在沖米軍との連携を強め、中国軍の動きをけん制する狙いがある。だが、部隊や施設を集中させれば、かえって攻撃対象となるリスクも高まる。沖縄には在日米軍専用施設の約7割が偏在する。昨年の知事選では普天間飛行場の辺野古移設に反対する玉城デニー氏が再選されたが、政府はかたくなに工事を進めている。自衛隊の増強で、沖縄の負担は一段と重くなりかねない。玉城知事は敵基地攻撃の手段にもなる長射程ミサイルの県内配備に反対するが、政府は「配備場所は決まっていない」と繰り返すだけだ。「再び戦場になるのではないか」との沖縄の不安に、正面から向き合っているとは言い難い。衝突を防ぐには、抑止力の強化だけでは不十分だ。対話を通じて緊張を緩和する外交努力を、政府は尽くす必要がある。古里を二度と戦場にさせない。地域の安定が脅かされている今こそ、沖縄の人々の願いを日本全体で共有しなければならない。,2023/6/23,きょう沖縄慰霊の日 戦場にさせぬ願い共有を
政府がマイナンバー制度の運営について総点検を始める。問題点を洗い出し、トラブルの再発を防がなければならない。計画ありきの姿勢を改めることが、信頼回復の前提となる。健康保険証や年金などの情報を他人のマイナンバーにひも付けするミスが後を絶たない。政府は地方自治体などと連携し、情報に誤りがないか点検する。とりわけ懸念されるのは、マイナ保険証を事実上義務化する計画だ。先の国会で関連法を改正し、現行の健康保険証を来秋廃止することを決めた。その後も1年間は併用できる猶予期間を設けたが、国民の理解は得られていない。毎日新聞の世論調査では、回答者の過半数が計画に反対している。マイナ保険証の登録や管理の難しさを訴える老人施設もある。そうした懸念に向き合い、対策を示すことが重要だ。岸田文雄首相は「国民の不安を払拭（ふっしょく）する措置の完了が前提」と述べた。それならば、スケジュールに固執すべきではない。改正法で定めた保険証の廃止時期は妥当か、実態を踏まえて検討すべきだ。新しい制度にミスやトラブルはつきものだ。ゼロリスクや行政の無謬（むびゅう）性を前提とした運営を求めるのは現実的ではないだろう。とはいえ、医療や年金などの情報が他人に閲覧される事態は見過ごせない。事務的なミスで片付けず、システム全体の安全性を高める対策が不可欠だ。政府はスピード優先でデジタル化を進めている。迅速に事業に着手し、問題が見つかれば修正するスタイルだ。だが、不安を抱えた国民を置き去りにするようでは、かえって停滞を招きかねない。一連の問題で浮き彫りになったのは、個人情報の流出といったリスクに対するデジタル庁の感度の鈍さだ。トラブルの報告が組織内で共有されず、対応が遅れた。プライバシーを守る司令塔として、政府の個人情報保護委員会が職責を果たす時だ。マイナンバー活用上の課題を分析し、適切な指導や助言を行ってもらいたい。政府がデジタル化を進めるのは、行政の効率を高め、暮らしを豊かにするためだ。混乱を招き、国民に不利益を及ぼすようでは、本末転倒である。,2023/6/23,マイナ混乱で総点検 保険証廃止時期の再考を
学術論文は人類の「知の財産」である。その共有が阻まれるような現状は問題だ。発見や成果を報告する論文は学術雑誌に掲載され、世界の科学者が読んで研究に役立てる。ネット時代の到来とともに、学術誌に掲載された論文の多くはオンラインで公開され、どこにいても読める環境が整ってきた。だが、新たな課題もある。公開に際して研究者が負担する費用が高騰していることだ。国内の大学図書館で作る団体の推計によると、2020年に日本から公開された論文3万4000本に57億円の費用がかかった。1本当たり十数万円から100万円以上と高額だ。圧倒的な権威を持つ欧米の学術出版社3～4社が、公開料決定の主導権を握っている。文部科学省の昨年の調査では、「公開しない」と回答した研究者の55％が「資金がない」ことを理由に挙げた。研究費が少ない若手ほど不利になる。公開控えが起きれば、画期的な成果も宝の持ち腐れになりかねない。大学では、研究者が多様な論文に触れる機会が損なわれつつある。学術誌の購読料が値上がりしているためだ。行財政改革で補助金が削減され、資金難から購読数を絞る大学がある。海賊版サイト経由で論文を違法に入手する研究者がいることも明らかになった。先月の主要7カ国首脳会議（G7サミット）では、公的研究費を使った論文やデータを広く共有する「オープンサイエンス」の推進で合意した。欧州連合は既に、学術誌に掲載された論文を公的サイトで公開するなど対策に着手している。米政府も「政府資金で得られた成果は論文、データとも即時公開」との方針を、25年までに実施に移す。日本は今月になってようやく、原則公開とする方針を政府が決めた。だが具体化には時間がかかる。購読料に関しても、大学が個別に出版社と交渉する現場任せの状況に変わりはない。米欧の取り組みが進むほど、日本の存在感は相対的に低くなっていく。論文の質・量ともに低落傾向が指摘される中、研究力の底上げにつながる環境の整備を急がなければならない。,2023/6/22,論文公開費用の高騰 「知」の共有、妨げかねない
通常国会がきょう閉会する。だが、国の根幹に関わる政策の大転換に見合うような審議がなされたとは言いがたい。政府は昨年末、戦後の安全保障政策を大きく変えた。5年間の防衛費を総額43兆円とする計画だ。本来、国民の代表によって構成する国会の場で、議論を尽くさなければならない重要テーマである。岸田文雄首相は施政方針演説で「国民の前で正々堂々議論する」と約束していた。にもかかわらず、防衛費の大幅増額の根拠と安定財源を示さなかったのは、不誠実極まりない。43兆円について「現実的なシミュレーションを行った」結果だと強調したが、詳細は説明しなかった。「最重要政策」の少子化対策は国会終盤に方針が決定され、中身を議論する時間が乏しかった。施策のメニューは示されたものの、財源確保は後回しにされた。いずれも国の持続性に関わる。「先送りできない課題に答えを出す」と言うのであれば、地に足を着けて取り組むべきだ。だが、与野党とも国民負担の議論を避けている。首相は「歳出改革」を強調するばかりで、具体論に踏み込んでいない。原発活用にかじを切るエネルギー政策も、脱炭素化に向けた法案などと束ねて一括審議されたため、議論が深まらなかった。野党の追及も迫力を欠いた。日本維新の会が立憲民主党との国会での共闘を解消し、一致して政権に迫れなかったためだ。与野党党首が一対一で論戦を交わす機会である党首討論も開かれなかった。最終盤には首相が衆院解散・総選挙を巡り思わせぶりな発言をし、与野党が浮足立った。後半国会では解散の有無が焦点となり、政策論争が置き去りにされた。国会議員に月100万円支給される「調査研究広報滞在費」（旧・文書通信交通滞在費）の使途公開は、またも先送りされた。足元の問題すら片付けられないようでは、国民の信頼は得られない。国会は開かれた論戦を通じて政策を練り上げていく場である。政府・与党案を押し通すだけでは空洞化するばかりだ。政府は臨時国会を早急に召集し、積み残された財源確保策などを正面から議論しなければならない。,2023/6/21,通常国会閉会と首相 「大転換」議論せぬ不誠実
被害の広がりと、理不尽さが改めて浮き彫りになった。被害者の高齢化が進んでおり、救済策の拡充が急務である。旧優生保護法の下、障害者たちが不妊手術を強制された問題で、国会の調査報告書がまとまった。不妊手術は2万4993件に上り、66％は本人の同意を必要としない規定によるものだった。手術を受けた人の最年少は9歳だ。被害者40人に実施したアンケートでは、27人が手術の意味を知らされていなかった。自治体や障害者団体などへの調査によると、盲腸の手術と偽って受けさせた例が確認された。生理時の手間を省くことを理由に、法で認められていない子宮摘出が勧奨されたケースもあった。国による非人道的な政策が、重大な人権侵害をもたらしたのは明らかである。政府は談話や国会答弁で「反省とおわび」を表明してきた。しかし、立法や施策の実行に関する国の責任は、明確になっていない。報告書でも言及されなかった。被害者が国に賠償を求めた各地の裁判では、個人の尊重や法の下の平等などを定めた憲法に違反しているとの判決が相次いでいる。高裁で判決が出された6件のうち4件は、不法行為から20年経過すると請求ができなくなるという民法の「除斥期間」を適用せず、賠償を命じた。立法や施策が、障害者に対する社会の差別や偏見を正当化、固定化したことなどを踏まえ、適用は「著しく正義・公平の理念に反する」と指摘した。当然の判断だ。にもかかわらず、国は上告し、争う姿勢を崩していない。4年前、被害者に一律320万円の一時金を支払う救済法が成立したものの、不十分である。来年4月に請求期限を迎えるが、支払いが決まったのは今年5月末で1049人にとどまる。期限を撤廃し、名乗り出られない人や、被害を認識していない人も取り残さないようにすべきだ。司法判断で示された慰謝料は1300万～1500万円であり、一時金の引き上げも求められる。国会の調査は救済法の規定で実施された。重く受け止め、国の責任を明確にして、被害者に向き合う。それが政治の役割である。,2023/6/21,強制不妊の国会調査 政治の責任で救済拡充を
財政政策の転換をうたっても、口先だけでは意味がない。政府は「骨太の方針」で、巨額の新型コロナウイルス対策費を計上してきた財政を「平時に戻す」と表明した。感染症法上の分類を引き下げたことに伴う措置だ。コロナ禍で予算は空前の規模に膨れ上がった。税収の倍以上となる140兆円前後の支出が続いた。国民生活を守る対策は必要だが、危機対応を名目に便乗としか思えない予算も目立った。象徴的なのは、国会承認を経ずに政府が使途を決められる予備費の乱用である。本来は自然災害などに備えるものだが、総額約30兆円も計上して国政選挙直前の国民向け給付金に使うなど、事実上、政府の「便利な財布」と化した。こうした費用を賄うため、政府は大量の国債を発行してきた。今年度末の国と地方の借金残高は1279兆円とコロナ禍前から170兆円以上も増える見通しだ。感染による悪影響が収まりつつある今こそ、借金漬けから脱する政策へかじを切る時だ。だが財政規律のたがは外れたままではないか。岸田文雄首相は財源をあいまいにして、防衛と少子化対策という大型予算を倍増させようとしている。防衛費には主に税収の上振れや予算の使い残しを充てるという。従来は補正予算の財源としてきたものだ。補正を国債発行で賄えば、結局は借金を増やしてしまう。少子化対策の財源も社会保障費の歳出改革などで確保するというが、具体策は先送りした。急速な高齢化で医療・介護費が大幅に膨らむ中、捻出できるのだろうか。健全化目標の達成時期を明示しなかったことも懸念材料だ。政府は2025年度に達成する方針を掲げてきたが、自民党内では予算の積極的な拡大を求める議員たちの反対論が強い。しかし歯止めがなければ、歳出は野放図に増えるばかりである。世界的なインフレで金利は上昇傾向にある。政府はこれまで超低金利の恩恵を受けてきたが、利払い費がかさめば、借金が雪ダルマ式に膨らみかねない。将来世代に重いつけを残すのは極めて無責任である。首相は危機的な財政状況に向き合い、立て直しに着手すべきだ。,2023/6/20,ポストコロナの財政 たが外れたままの無責任
いじめ防止対策推進法が成立して10年となる。だが、状況は改善していない。理由を分析し、問題点を洗い出さなければならない。法制化のきっかけは、大津市で2011年、中学2年の男子生徒が同級生からのいじめを苦に自殺した事件だった。いじめ行為を目撃した生徒らが担任に伝えていたが、学校は十分な調査もせずに、けんかとして扱った。男子生徒の死後、校内のアンケートで「自殺の練習をさせられていた」などの情報が多数寄せられていたのに、市教育委員会は公表しなかった。学校や教委の事なかれ主義、隠蔽（いんぺい）体質が浮き彫りになった。この反省を踏まえ、議員立法で成立した法律は、学校ごとに教職員らの対策チームを常設し、早期発見や防止に努めるよう求めた。自殺や不登校などの原因となった疑いがあれば「重大事態」として教委や学校が速やかに調査し、事実を解明するよう定めた。根強い「事なかれ主義」法律施行後、いじめの認知件数は3倍以上に増えた。文部科学省は、学校が積極的に把握に努めるようになった結果とみている。問題は、重大事態の発生件数も増加傾向にあることだ。21年度は700件を超えた。学校が初期段階でいじめの芽を摘みきれず、深刻化させている事例が多いことを示している。スマートフォンの普及が、陰湿ないじめを助長した面もあると指摘される。ネット交流サービス（SNS）を使った中傷は、学校側が気づきにくく、エスカレートしやすい。デジタル時代に即した対策の強化が急務だ。被害者側に対する学校や教委の不誠実な対応も目につく。法律や文科省の指針では、第三者委員会を設けて調査するよう定められているが、学校側がいじめを認めようとせず、設置が遅れるケースが後を絶たない。北海道旭川市の中学2年の女子生徒が21年に命を絶った問題では、女子生徒が1年の時にいじめを苦に自殺を図っていたにもかかわらず、学校は重大事態として対処しなかった。大津の教訓は、学校現場に必ずしも浸透していない。現行の制度では、重大事態に当たるかどうかを判断するのは学校や教委だ。学校側に事を荒立てたくないという心理が働き、結果的に加害者を擁護するような構図に陥りやすい。被害者側は孤立しがちだ。そうした状況を生まないよう、学校側の対応に不信感を抱いた被害者が、不服申し立てできる中立機関を国レベルで設けるべきだ。学校や教委に対して勧告できる権限を与え、実効性を担保することが欠かせない。犯罪行為に相当するいじめが起きた時には、警察が速やかに介入する仕組みを機能させるようにしなければならない。予防の取り組みさらにより根本的な対策として、いじめが起きにくい学校づくりを進めることも重要だ。「大切なのは予防と初動対応です。教員のスキルを向上させることが不可欠ですが、この10年で改善していません。研修を充実させるよう、校長や行政の責任を明確にする必要があります」25年前に一人娘をいじめによる自殺で亡くしたNPO法人「ジェントルハートプロジェクト」理事の小森美登里さん（66）は、そう指摘する。子どもや教員らを対象にした講演を各地で1600回以上重ねてきた。研修に取り組む姿勢は、学校によって大きな温度差があると実感しているという。加害者となった子どもが抱えている家庭の事情などにも目配りをし、原因を取り除いていくことが必要だ。「いじめられるのは弱いからだ」といった、被害者にも非があるかのような間違った考え方も社会に根強く残っている。4月に発足したこども家庭庁には、地域が一体となって取り組む環境づくりを進めてほしい。「いじめは、明日を生きようとする気力を奪います。命の危険を生じさせるのです」今月、横浜市の中学校で開かれた講演会で、小森さんは生徒たちを前に訴えた。国、学校、地域が連携を強化し、いじめから子どもを守る仕組みを再構築しなければならない。,2023/6/19,いじめ防止法10年 命守る仕組みの再構築を
「数字ありき」で防衛費増額が強引に進められた結果、矛盾は解消されないままとなっている。防衛費の大幅増額に必要な財源の一部を確保する法律が自民、公明両党の賛成多数で成立した。政府は今年度から5年間の総額を43兆円とする計画だ。2027年度には国内総生産（GDP）比2％まで引き上げる目標を掲げる。ところが、5年間に追加で必要となる14・6兆円程度の確保策について、具体的な見通しは示せていない。主に歳出改革、予算の使い残しなどで生じる決算剰余金の活用、特別会計からの繰り入れ、増税で賄う方針だが、税以外は年度による変動が大きく不安定だ。唯一の安定財源となり得る増税の実施時期もあいまいだ。政府は昨年末の時点で「24年以降の適切な時期」と説明していたが、閣議決定した骨太の方針には「25年以降とすることも可能となるよう、柔軟に判断する」と書き込んだ。自民党内に根強い増税反対論に配慮した格好だ。党の委員会は税収の上振れ分や、特別会計の剰余金の活用などを提言していた。今後の選挙で増税が争点化するのを避ける狙いがあるとみられる。提言は財源確保策の選択肢として、政府の保有するNTT株の売却も挙げた。だが、基幹インフラを支える事業者への国の関与が弱まれば、日本の安全保障に悪影響を及ぼす可能性もある。そもそも、「GDP比2％」という目標は日本の身の丈に合っているのだろうか。それだけの防衛費が本当に必要ならば、国民への説明を尽くし、負担増への理解を得るのが筋だ。政府や自民党はそうした努力を怠り、場当たり的な対応に終始している。決算剰余金はこれまで、補正予算の財源として使われるケースが多かった。それを防衛費に充てれば、補正予算の財源を借金で手当てせざるを得なくなる。野党は回り回って「国債頼み」に陥るのではないかと指摘してきた。防衛力の増強が、専守防衛からの逸脱につながりかねないと懸念する声も相次いだ。国を守るのに欠かせないのは、国民の理解と安定的な財政基盤だ。最新鋭の装備をそろえ、自衛隊の活動の幅を広げるだけでは、その責任を果たすことはできない。,2023/6/18,防衛財源法の成立 規模先行がゆがみ招いた
プラスチックによる環境汚染を減らすには、どのような国際ルールが有効か。知恵を絞る時だ。条約の策定を目指す国際会合がパリで開かれた。しかし、ルールのあり方を巡り、参加国間の溝が浮き彫りになった。安価で丈夫なプラ製品は、さまざまな分野で使われ、暮らしに浸透している。プラごみの排出も増大し、経済協力開発機構（OECD）によると、2019年の排出量は3億5300万トンに上った。20年前の約2倍となっている。海や河川への流出も増え続け、このままでは50年に海中のプラスチック量が魚の総重量を超えるとの試算もある。プラ汚染の対策強化を目指し、広島市で先月開かれた主要7カ国首脳会議（G7サミット）は「40年までに追加的な汚染をゼロにする」との目標で合意した。今後、途上国を含む世界全体で、どのように対策を進めていくかが焦点となる。欧州や島しょ国は、条約によって使用を禁止するなどの義務を定め、生産段階から厳格な規制を導入することを求める。背景には、多くの国が独自の対策を実施しているにもかかわらず、海洋への流出量は増加の一途をたどっているという現実がある。「新たなプラ生産を世界全体で減らすことが必要だ」と訴える。一方、日本や産油国は、気候変動対策の「パリ協定」のように、各国が独自に目標を定める仕組みを提案する。より多くの国が参加しやすいと考えられるためだ。「すべてのプラ製品が悪いわけではない」と一律の規制に難色を示し、環境への排出を減らすリサイクルなどの推進を重視する。今回の会合では、24年末の条約策定に向けて、今年11月から具体的な条文の交渉に入ることが決まった。フランスのマクロン大統領は会合へのメッセージで、「プラスチックは時限爆弾である」と警鐘を鳴らした。各国の対立で策定が遅れることがあってはならない。日本の人口1人当たりのプラごみ排出量は、米国に次いで世界2位だ。ライフスタイルの見直しや代替製品の技術開発を推進するとともに、交渉の取りまとめに向けて貢献することが求められる。,2023/6/18,プラ汚染対策条約 日本は交渉前進に貢献を
岸田文雄首相が「今国会での衆院解散は考えていない」と表明した。自ら「解散風」をあおるような発言をした揚げ句に見送るとは、権力をもてあそんでいるとしか言えまい。首相は解散について「今は考えていない」と繰り返してきたが、13日の記者会見で「情勢をよく見極めたい」と表現を変えた。発言が注目される中、解散の可能性に含みを持たせたと受け止められたのは当然だ。解散は、国民に選ばれた衆院議員の資格を任期満了前に失わせ、主権者の審判を問い直す重大な行為である。まだ任期4年の折り返し点にも達していない。本来、軽々しく扱うべきものではない。自民党内で早期解散論が広がったのは、広島での主要7カ国首脳会議（G7サミット）を受けて内閣支持率が上昇したからだ。だが、「今なら選挙に勝てる」という打算だけで、大義に乏しかった。憲法に解散権を明示した規定はないが、実質的には内閣に決定権があると解釈されてきた。行使にあたっては、基本政策の大きな転換や新たな重要課題への対処など、国民に信を問うのにふさわしい理由が求められる。首相は昨年末、安全保障政策を転換し、防衛費の大幅増額を決めた。今月には少子化対策の方針をまとめ、児童手当の大幅拡充などを盛り込んだ。しかし、いずれも財源は置き去りで、国民が判断できるような具体的な材料は示していない。自民幹部からは「野党が内閣不信任決議案を提出すれば大義になる」との発言が相次いだ。だが、憲法の規定で内閣が解散か総辞職を求められるのは、不信任案が可決された場合である。与党が多数を占める現状では否決されるため、理屈が通らない。解散見送りの背景として、秘書官を更迭された首相の長男の不祥事や、公明党との選挙協力を巡る対立が指摘される。選挙に不利だからとの理由で判断したのなら、党利党略としか映らない。今後の焦点は、秋以降に解散があるかどうかだ。来年9月の自民総裁選で再選を目指す首相が、自身の都合で判断すべきものではない。大義を欠くようでは国民に見透かされる。,2023/6/17,首相の解散見送り 権力をもてあそぶ危うさ
LGBTQなど性的少数者への偏見や差別をなくすことは、国の責務である。国民の理解増進を目的とする法律が成立した。政府は施策を進めるための基本計画を策定し、毎年、実施状況を公表する。関係省庁の連絡会議を設けることも定められた。一方で「全ての国民が安心して生活できるよう、留意する」との条項が盛り込まれた。「多数派」の人々に配慮するような規定だ。そのために必要な指針を政府がつくる。法の運用次第では、かえって理解を妨げかねない。性的少数者の尊厳を守るため、自治体や民間団体が先駆的な取り組みを進めている。指針が、ブレーキを掛けるようなことがあってはならない。そもそも必要なのは、権利を保障する制度を整えることである。差別を禁止する法律も不可欠だ。当事者たちは生きづらさを抱えている。同性カップルは法的に家族として認められず、相続や親権、社会保障などで不利益を被っている。生まれた時の性別と、自認する性別が異なるトランスジェンダーの人は、学校や職場などで我慢を強いられるケースが多い。NPO法人が昨年実施した調査では、10代の性的少数者の半数近くが、過去1年の間に自殺を考えたことがあると答えた。社会の意識は変わってきている。世論調査では、同性婚の法制化に賛成する人が半数以上になっている。性的少数者に配慮した職場環境を整えている企業もある。司法も現状に厳しい目を向けている。各地の同性カップルが起こした5件の訴訟で、同性婚を認めない現行制度について、4地裁が「違憲」「違憲状態」と判断した。そうした中で、政治の対応の遅れが際立っている。理解増進法は、超党派の議員連盟が2年前に法案をまとめていたのに、自民党保守派の反対で、たなざらしにされた。ようやく今国会に提出されたが、修正されて内容は大きく後退した。性的指向や性自認にかかわらず人権は守られなければならない。あらゆる人が尊重される社会の実現に向け、政治は役割を果たす必要がある。,2023/6/17,LGBT理解法の成立 権利保障の制度を早急に
防衛のために武器を扱う組織として、絶対にあってはならない事件だ。全容を解明し、再発防止に万全を期さなければならない。岐阜市にある陸上自衛隊の射撃場で、18歳の自衛官候補生が実弾を使った訓練中に、指導役の隊員に向けて自動小銃を発砲した。2人が死亡し、1人がけがをした。候補生は4月に入隊したばかりだった。亡くなった52歳の教官を狙った可能性があるという。事件を受け、陸上自衛隊は調査委員会を設置した。撃たれた3人は防弾チョッキを身に着けていなかった。暴発などのリスクもある中、着用ルールを含め、隊員の命を守る体制が整っていたか詳しく検証すべきだ。事件は自衛隊の活動を支える教育訓練の最中に起きた。武器の管理の仕方、訓練の進め方も問われている。候補生は自分専用の小銃を貸与され、操作方法などを習得した上で射撃訓練に臨む。殺傷能力のある武器を使わせるのにふさわしい人物なのか、常に確認することが欠かせない。チェック体制に不備があれば見直す必要がある。少子化や民間の求人倍率上昇などで、自衛官の採用は年々難しくなっている。3カ月の教育を受けた後に任期制自衛官になる候補生は、新規入隊者の約4割を占める。防衛省・自衛隊は志願者を増やそうと、企業への就職や進学に役立つとアピールするが、質の確保にも努めなければならない。政府は地域情勢の緊迫化を受け、防衛力の強化を進めている。今年度から5年間の防衛費を総額43兆円とする方針で、新たな装備品の開発や外国製ミサイルの購入などに多額の予算を投入する。だが、装備品を充実させるだけでは、日本の安全は守れない。自衛隊の活動の主役である「人」を育てるための教育訓練の重要性はますます大きくなっている。自衛官が訓練中に仲間の隊員を銃撃する事件は1984年にも起きた。対策が強化されたにもかかわらず、再び同様の事件が発生してしまった。現場は住宅地に近く、住民からは不安の声が上がった。国民の信頼をつなぎとめるためにも、動機と背景を早急に明らかにする必要がある。,2023/6/16,陸自候補生の発砲事件 動機と背景の徹底解明を
皇室の活動を広く国民に伝えるため、宮内庁が広報体制の強化に取り組んでいる。従来は、報道室が新聞・テレビの取材に対応してきた。今春からは広報室を新設し、民間の経験者を登用するなど人員を増強した。主な業務は、宮内庁ホームページ（HP）の刷新だ。14年前にリニューアルされたが、その後も基本的な構成は変わらず、過去の公務の日程や式典などでのお言葉の紹介が中心だった。広報室の誕生後、HPには天皇、皇后両陛下の「最近のご活動等」のコーナーが設けられた。新型コロナウイルス禍の影響が収まりつつある中、式典における両陛下と参加者らの対面交流が本格的に再開している。5月に令和初の園遊会があり、今月初めには両陛下が東日本大震災の被災地を訪れて、植樹祭にも4年ぶりに現地で出席された。こうした様子は「ご活動等」のコーナーにも、写真付きで掲載されるようになった。広報活動強化の背景には、皇室を巡る不確かな情報がインターネット上に飛び交った経緯がある。秋篠宮家の長女眞子さんと小室圭さんとの結婚を巡っては、週刊誌報道が過熱し、バッシングに近い内容もあった。宮家の女性皇族らが日ごろどんな活動をしているかは、ほとんど知られていない。宮内庁HPは各種団体で務める役職や、出席した式典の一覧を載せる程度にとどまっている。皇室に対する理解を深めるためには、情報の拡充が望まれる。欧州の王室では、公式ツイッターなどネット交流サービス（SNS）での情報発信も行われている。王族が家族を撮影した動画を投稿することもある。王室が活動する上で、国民の支持が不可欠だという考えが基本にあるからだ。宮内庁もSNSの活用を含め、リアルタイムに近い形での情報発信を検討してもよいのではないか。天皇陛下や秋篠宮さまは、国民との信頼関係を築く上で広報が重要だとの考えを度々示してきた。皇室のモットーは「国民とともに歩む」である。デジタル時代に合わせ、その実像をどう伝えるか、さらなる工夫が求められる。,2023/6/16,皇室活動の広報体制 実像を伝える工夫さらに
「先送りできない待ったなしの課題」だと繰り返しながら、若者が将来に希望を抱けるような処方箋を示せたとは言いがたい。政府が「こども未来戦略方針」を決めた。岸田文雄首相が年頭に表明した「異次元の少子化対策」を実現するための総合政策だ。年間3兆円台半ばを投じる。2030年代初頭までにこども家庭庁予算の倍増を目指す。打ち出されたのは、児童手当の所得制限撤廃など給付の大幅拡充である。問題は、裏付けとなる財源の手当てが後回しとなっていることだ。子育てには長期的な支援が不可欠だが、安定財源が確保されなければ安心にはつながらない。首相は記者会見で「徹底した歳出改革を行い、実質的に追加負担を生じさせない」と強調した。だが、今ある事業や予算のどこをどれだけ削減するのかは明示していない。そもそも歳出削減だけで、大規模な予算を生み出せるのか疑問だ。早期の衆院解散・総選挙が取り沙汰される中、国民の反発を恐れ負担増の議論を避けたのだとしたら、不誠実と言わざるを得ない。施策の内容面でも踏み込み不足が目立った。少子化の背景には、生活基盤が不安定な若者が結婚や出産をためらう事情がある。首相は「若者の所得を伸ばす」と強調するが、持続的な賃上げが実現するかは企業頼みだ。非正規労働者の雇用の安定など根本的な課題には正面から向き合っていない。「30年代に入るまでがラストチャンス」と強調し、「スピード感の重視」も掲げた。ところが、目玉の児童手当拡充は「来年10月分」からの実施だという。これでは本気度が伝わらない。22年の出生数は80万人を割り過去最少を記録した。「少子化トレンドを反転させる」と言うものの、出生率向上などの具体的な目標は掲げていない。首相は「社会全体の構造や意識を変える」と意気込む。そうならば、子育て支援にとどまらず、格差の是正や雇用制度の見直しも進める必要がある。歯止めが掛からない少子化は日本が直面する最大の試練である。不退転の覚悟を持って正面から取り組むのが首相の責務だ。,2023/6/15,少子化対策の首相会見 「待ったなし」の覚悟見えぬ
本格的な夏の到来を前に、全国で熱中症を訴える人の救急搬送が相次いでいる。5月に搬送された人は全国で3600人を超え、この時期では過去2番目に多かった。亡くなる人が1000人以上となる年も多くなっている。65歳以上の高齢者が、搬送者の5割、死亡者の8割以上を占める。学校の運動会や体育の授業で、子どもたちが集団で発症することもある。高齢者と子どもは「熱中症弱者」と位置付けられる。近年、最高気温が体温を超える日もある。地球温暖化の影響で、一層の上昇も懸念される。このため、熱中症対策が法律で定められた。政府は、著しい高温が予想される時は「熱中症特別警戒情報」を発表し、市町村は、冷房を完備した公民館などを住民向けに開放する。政府が閣議決定した「熱中症対策実行計画」は、2030年に熱中症による死亡者数を半減させる目標を掲げる。エアコン利用の徹底、地域での見守りや声かけ、情報発信の強化などを盛り込む。熱中症は、涼しい環境を確保し、こまめに水を飲むことで予防できる。にもかかわらず発症者が減らないのは、正しい情報が伝わっていないことに加え、リスクに気づけない人もいるからだ。高齢者は、暑さや、のどの渇きを感じにくい。エアコンの使用を呼びかけても、暑さを感じなければ行動につながらない。電気料金が高騰する中、冷房を使うことをためらう傾向もある。搬送される高齢者は、独居で持病がある場合が多い。見守りを手厚くすべきだ。人は、汗をかくことで体温を調節する。汗腺の機能は思春期までに発達し、日常的な運動によって維持される。子どもの頃から運動習慣を身につけることが重要だ。学校では、運動時には必ず水を飲み、炎天下での体育や部活動を控えるなどの工夫をすることが求められる。新型コロナウイルス対策が緩和され、屋外活動の増加が見込まれる。体が暑さに慣れていない今から備えることが大切だ。一人でも多くの命と健康を守るために、実効性を高める取り組みが欠かせない。温暖化対策の意義についても考える契機としたい。,2023/6/15,政府の熱中症対策 実効性高める取り組みを
誰もが犯罪の被害者になる可能性がある。生活を支える仕組みの拡充が欠かせない。政府が被害者への支援を強化することを決めた。柱になるのが、犯罪被害給付制度の見直しである。故意の犯罪で家族を奪われた人、心身に重い傷を負った人、障害が残った人に、給付金を支給するものだ。働けなくなるケースは少なくない。長期間の治療が必要になることもある。加害者に賠償を求めても、支払われない例が多い。生活の支えになるのが給付制度だが、現在の支給額は被害の重大さや実態に見合っていない。遺族への給付金は、亡くなった人の収入や扶養家族の状況によって支給額が決まる。そのため、無職だったり、子どもだったりした場合は低額となる。2022年度の遺族への平均支給額は743万円にとどまった。交通死亡事故で、平均約2400万円が支払われる自賠責保険の水準を大きく下回っている。警察庁は今後、支給額の大幅な引き上げに向けた検討を進める。被害者が死傷しなければ将来得られたはずの逸失利益も考慮する形に、改めるべきだ。被害者や遺族は事件直後から、捜査機関への対応や、支援を受けるための手続き、加害者側との交渉などに追われる。突然の事態に見舞われた中、自身で向き合っていくのは難しい。法務省は、公費で弁護士が継続的にサポートする制度の創設に取り組む。被害者が広く活用できる枠組みが求められる。支援を受けるための窓口が分かれていることも、被害者の負担になっている。各都道府県が民間のセンターと連携し、一元化を進める必要がある。政府が対策強化に動いたのは、被害者たちが声を上げたからだ。00年以降、全国犯罪被害者の会（あすの会）が国に働きかけ、犯罪被害者等基本法の制定などを実現させた。18年に解散していたが、昨年3月に新あすの会として再結成され、経済的支援の強化などを求めて活動してきた。被害者は地域で孤立したり、中傷されたりすることもある。取り残されることがないよう、社会全体で支えなければならない。,2023/6/14,犯罪被害者支援の強化 生活守る仕組みの拡充を
ロシアのウクライナ侵攻などで世界情勢が激動する中、日本の強みを生かしつつ、国際秩序の回復に資するような途上国支援が求められている。岸田政権が政府開発援助（ODA）の基本方針である「開発協力大綱」を8年ぶりに改定した。特徴の一つは、途上国に巨額のインフラ支援を実施し、海洋進出を強める中国を意識したことだ。返済に行き詰まった国を影響下に置く「債務のわな」を防ぐルールの実践・普及や、海の安全確保につながる支援の推進を明記した。二つ目が、相手国からの要請を待たずに、デジタルや脱炭素などの分野で協力メニューを積極的に提案する「オファー型協力」の強化を掲げたことだ。民間の技術力を生かすだけでなく、支援の過程で得られたデータを日本の課題解決に役立てる狙いもある。米国のように強大な軍事力を持たず、天然資源も乏しい日本にとって、ODAは重要な外交ツールだ。南半球の途上国・新興国を中心とする「グローバルサウス」が存在感を増す中、こうした国々を引き寄せる効果も期待される。日本の2023年度のODA予算は5709億円で、ピークだった1997年度の1兆1687億円から半減した。厳しい財政状況を考えれば、戦略的に活用していくことが不可欠だ。だが、課題もある。中国への対抗を前面に打ち出した支援に偏れば、貧困や紛争、災害などで暮らしを脅かされている市民への支援が手薄になりかねない。世界的な物価高騰は、さまざまな国の貧困層を直撃している。医療や教育など、日本が得意としてきたきめ細かな支援を継続していかなければならない。各地で強権的な統治の動きが強まる中、ODAが軍事目的で使われるリスクも高まっている。ミャンマーでは、日本が供与した旅客船が兵士の移動や武器輸送に使われていた。「平和国家」として国際紛争の助長を避け、一人でも多くの人を脅威から守ろうとする日本の取り組みは高く評価されてきた。長い目で見て相手国との強固な信頼関係の構築につながるよう、市民に直接届く支援を着実に進めていくべきだ。,2023/6/14,ODAの新大綱決定 市民へ届く支援忘れずに
LGBTQなど性的少数者への国民の理解を深め、偏見をなくしていくための法律であるはずだ。これでは目的を果たせない。議員立法の「理解増進法案」が衆院内閣委員会で可決された。日本維新の会などの主張をほぼ丸のみする形で与党案が修正された。性的少数者の尊厳を守る観点で、内容が大幅に後退した。特に問題なのは、施策の実施に当たって「全ての国民が安心して生活できるよう、留意する」との条項が加えられたことである。性的に「多数派」である人々への配慮などを念頭に、維新などが盛り込むよう主張した。背景には、生まれた時の性別と自認する性別が異なるトランスジェンダーを巡り、「女性だと自称すれば、男性も女湯や女性トイレに入れる」との言説が、インターネット上に流れる現状がある。しかし、性自認は自分の意思で変えられるものではなく、尊重されるべきだ。誤解が社会に残る中で、多数派に配慮するような規定が設けられると、かえって理解を阻害することになりかねない。全国民への留意条項では、政府が必要な指針を策定することも明記された。当事者らから「一部自治体や民間団体による先進的な取り組みを萎縮させる」との懸念が示されたのは当然だ。審議過程にも問題がある。修正案は内閣委での審議直前にまとめられ、わずか2時間半ほどの議論で即日採決された。野党を含めた幅広い合意形成を演出したいという岸田文雄首相の意向があったとされる。2月に当時の首相秘書官が性的少数者に対する差別発言をした。先月の主要7カ国首脳会議（G7サミット）では、議長としてまとめた首脳宣言に、性的少数者について「暴力や差別から解放された生活を享受できる社会を実現する」と書き込まれた。維新などの主張を取り込むことで、法制化に慎重だった自民党の保守派からも支持を取り付けやすい状況になった。政治の思惑で法案の趣旨が損なわれることがあってはならない。国会で審議する時間は、まだ残されている。権利の保障を求める当事者の思いを裏切らないよう、議論を尽くすべきだ。,2023/6/13,LGBT法案の修正 当事者の思い裏切る後退
物価高に苦しむ国民の生活不安を払拭（ふっしょく）できるのだろうか。政府は今週にも決定する「骨太の方針」で労働市場改革を打ち出す。課題となっている持続的な賃上げに向け、デジタルなど成長産業への転職を促すことが柱だ。終身雇用と年功序列型賃金が経済の新陳代謝を妨げてきたとの判断に基づく。働き手の能力を向上させるため、「リスキリング」と呼ばれる学び直しへの給付を拡充する。同じ企業で長く働くほど優遇される退職金の税制も見直す。懸念されるのは、改革の恩恵を受ける人が限定的となる恐れがあることだ。リスキリングで想定されているのはデジタル人材の育成だ。技術を磨いて新しい会社に移り、より高い賃金を得る機会が増える。だが、賃金が伸び悩んでいる主因は、正社員より待遇の劣る非正規労働者が全体の4割近くも占めるいびつな構造にある。非正規が多い中小・零細企業は人員や資金に余裕がないところが目立つ。転職を希望しても、リスキリングの時間を確保しにくい。次の職場が決まるまで、仕事がない期間の生活を保障する安全網も十分に整備されていない。退職金税制の見直しで勤続年数の長い会社員の税負担が増すと、老後の生活にしわ寄せが及ぶ。こうした問題を抱えたまま、転職を促す政策を推し進めれば、格差が広がりかねない。物価高は低所得者により打撃となる。暮らしの底上げが急務だ。骨太の方針には、最低賃金の時給1000円以上への引き上げを検討することが盛り込まれる。だが欧州に比べると依然低い。同一労働同一賃金の実現など格差を埋める対策も具体的内容が乏しい。成長と効率優先のアベノミクスの下、非正規労働者は増え続けた。岸田文雄首相は当初、分配重視を唱えたが、次第に影を潜めた。首相は子ども関連予算の倍増を表明している。だが非正規の若者が経済的不安を抱えていることも結婚や出産の障壁となっている。生活基盤を整えないまま、予算を増やしても効果は限られる。政府は賃上げを通じた「分厚い中間層の形成」を目標に掲げる。だが格差是正に本格的に取り組まなければ、かけ声倒れに終わる。,2023/6/13,骨太方針と暮らし 底上げの道筋が見えない
岸田文雄政権の屋台骨である自民、公明両党が、次期衆院選の候補者調整を巡り対立を深めている。20年以上に及ぶ連立のきしみが表面化したと言える。きっかけは衆院小選挙区定数の「10増10減」だ。選挙区が5増となる東京で公明が新たに独自候補の擁立を目指したが、自民が拒んだ。公明は反発し、都内の選挙協力の解消を通告した。両党は全国で小選挙区の候補者が重ならないよう調整し、互いに推薦してきた。公明の支持母体である創価学会の基礎票は各選挙区で1万～2万票とされ、東京での協力解消は自民に痛手となる。公明の集票力は近年落ちているものの、選挙で依存度を高める自民に揺さぶりをかけた形だ。岸田首相が「堅固な自公政権の連携の下で政策を進めたい」と強調したのは、危機感の裏返しと言える。本来、連立政権は、議会で過半数を占める政党がない場合、複数の党が政策合意を経た上で形作るものだ。ただ、1999年に始まった自公の連立は「選挙協力ありき」に変質しており、今回の対立はその実態をあらわにした。有権者には政策置き去りの内紛劇としか映らないだろう。公明は「福祉」や「平和」を理念に掲げ、自民の独善を防ぐ「ブレーキ役」を自任してきた。生活者目線の政策として消費税の「軽減税率」導入を自民に受け入れさせたが、安全保障政策では押し切られる場面が目立った。集団的自衛権の行使容認に道を開いた安保関連法を巡り、公明は法案の一部修正で「歯止めを掛けた」と主張する。だが、憲法9条の解釈変更を容認したのが実態で、支持者には今も不満がくすぶる。政策より連立維持を優先したことは双方に摩擦を生んでいる。自民保守層には、公明が憲法改正の障害になっているとのいらだちがある。TBS系のJNN世論調査では「連立関係を解消すべき」だとの意見が公明支持層で35％、自民支持層は57％にも上った。生活に直結する課題は山積している。厳しい国家財政の中、どのような防衛力整備や子育て支援が適切なのか。自公両党は政策本位で連立の意義を見つめ直す時ではないか。,2023/6/11,きしむ自公関係 政策置き去りの内紛劇だ
多くの人は実感を持てずにいるのではないか。好調な株式市場のことである。日経平均株価は5月に3万円台を回復し、6月に入ると一時、約33年ぶりの高値をつけた。バブル期以来の高水準となる。株高をけん引するのは海外の投資マネーだ。東京証券取引所によると、3月下旬以降、外国人投資家による日本株の「買い」が「売り」を上回る状況が続き、累積の買い越し額は4兆円を超える。背景には日本経済復調への期待がある。新型コロナウイルス禍による逆風がようやく収まり、企業業績は上向いている。米欧の中央銀行がインフレ退治で金融引き締めを続ける中、金融緩和を堅持する日銀の姿勢も相場上昇の追い風となっている。4月に来日した「投資の神様」と呼ばれるウォーレン・バフェット氏が日本株に積極的に投資する姿勢を示したことも株高に弾みをつけた。こうした複数の要因が重なったことが呼び水となり、海外の投資家が日本株に殺到した形だ。東京市場はかつてニューヨーク、ロンドンと並ぶ主要市場の一つとされていたが、国内経済の長期低迷で地盤沈下が進んでいる。ここにきて再び東京市場が国内外の注目を集めていること自体は前向きな変化と言えるだろう。問題は現在の株高を一過性のものに終わらせず、景気回復の恩恵を幅広く市民に届けられるかどうかだ。気がかりなのは、日本企業が自社の株式を市場で買って株の価値を上げる自社株買いを加速していることだ。東証は3月、市場の評価が低い上場企業に対し、株価を上げる具体策を示すよう求めた。企業が内部にため込んだ資金を有効活用させる狙いもある。自社株買いは株価の上昇要因にはなるが、成長に直接、つながるわけではない。企業には、こうした資金を社員の賃上げや設備投資に回し、経済の好循環を実現することこそが求められている。メリットが一部投資家や富裕層にとどまるような株高では、持続性に疑問符がつく。企業は株高に浮かれず、地に足をつけて成長につながる道筋を描くべきだ。,2023/6/11,バブル期以来の株高 実感もたらす企業努力を
人権は国籍や出身地を問わずに尊重されなければならない。その普遍的な理念が、ないがしろにされかねない。在留資格がない外国人の帰国を徹底させる改正入管法が成立した。1年以内に施行される。入管施設に収容されていたスリランカ人のウィシュマ・サンダマリさんが死亡したことが社会問題になり、廃案となった2年前の法案とほぼ同じ内容だ。帰れない事情がある人たちへの配慮を欠く。国会周辺をはじめ、全国各地で反対するデモや抗議活動が繰り広げられ、国連の人権専門家からも懸念を示されていた。にもかかわらず、参院本会議で採決された。とりわけ問題なのが、難民認定の申請を事実上、2回までに制限する規定だ。3回目以降は、審査中でも強制送還が可能になる。滞在を続けるため、制度を乱用するケースがあると政府は主張している。命を危険にさらす恐れただ、日本は世界的に見て難民の受け入れに消極的だ。支援団体によると、迫害を恐れて逃れてきたトルコ国籍のクルド人が、難民と認定された例は1件しかない。国軍による圧政が続き、帰国できないミャンマーの人たちも、大半が認められていない。そうした状況を改めないまま申請を制約することは、保護すべき人を無理やり危険な場所に帰らせることになりかねない。難民の認定は人命に関わる。国連難民高等弁務官事務所（UNHCR）は「疑わしきは申請者の利益に」との原則を示している。国会に参考人として出席した橋本直子・一橋大准教授は「難民の送還は、場合によっては死刑執行と同じ効力を持つ」と指摘した。改正法では「補完的保護」の制度が新設された。戦争からの避難者などを念頭に、難民に準じた立場で受け入れる仕組みという。人種、宗教といった難民条約に明示された理由以外で、「迫害を受ける恐れ」があることが条件とされている。厳格に運用されれば、門戸を狭めてしまう。政府は、難民認定の審査は適正に行われていると強調するが、国会審議では疑問が呈された。法相が任命した専門家から意見を聞く「難民審査参与員制度」の運用についてである。申請が退けられた人の不服申し立てを、国際法の学者や法曹関係者らが3人1組で審査する。参与員は111人いるのに、NPO法人関係者1人に案件が集中していた。昨年は審査件数全体のうち4分の1に関わっていた。この参与員は過去に「難民と認定できる申請者はほとんどいない」などと発言している。出入国在留管理庁は、法改正が必要な根拠の一つとして引用してきた。入管庁が恣意（しい）的に割り振っていたとの疑念が拭えない。認定手続きは、入国や在留を規制する官庁から切り離す必要がある。独立した第三者機関を設置すべきだ。早期に見直しの検討を日本に家族がいるため、帰国できない人も少なくない。国外退去処分を受けながら出国していない人のうち、約200人は18歳未満だった。日本で生まれ育ったのに在留資格がなく、理不尽な境遇に置かれている。劣悪な職場環境に耐えかねて失踪し、在留資格を失う技能実習生も後を絶たない。こうした人たちには、柔軟に在留許可を出すべきだ。だが、改正法では十分に配慮されていない。それどころか、以前の言動から送還を妨害する恐れがあると見なされた人には、退去命令に違反した場合の罰則まで設けられた。法改正のきっかけは、国外退去処分を受けた人が入管施設に長期間収容される問題だった。その対策として、支援者や弁護士らが「監理人」となり、その監督下で社会生活を送る「監理措置」が新設された。しかし、支援者らを対象に実施した調査では、9割が「監理人になれない・なりたくない」と回答した。入管庁への報告義務が課され、監視の役割を担うためだ。この仕組みが機能するかどうか分からない。外国人の人権尊重の観点から、改正法が数多くの問題点を抱えているのは明らかである。政府は早急に見直しを検討すべきだ。,2023/6/10,改正入管法の成立 これでは人権を守れない
制度の根幹に関わるトラブルが後を絶たない。いったん立ち止まり、信頼を回復するための施策を講じるべきだ。マイナンバー関連の改正法が成立した。社会保障、税、災害対策の3分野以外でも使えるようになる。健康保険証との一体化が事実上義務付けられる。感染症の世界的流行や災害時などに国民への支援を迅速に行えるほか、投薬や病歴の情報を治療に活用できる利点がある。行政の効率が改善され、暮らしの質が高まるなら、意義は大きい。だが、現実には国民を不安に陥らせるようなミスが相次ぐ。コンビニエンスストアでの証明書交付サービスでは、他人の住民票が発行された。カード取得者に与えられるマイナポイントを誤って他人に付与するケースも相次いだ。政府から給付金を受け取る公金受取口座では、家族で同じ口座を登録するといった事例が約13万件も確認された。保険証廃止でつまずきマイナ保険証では、他人の情報がひも付けられて医療情報が閲覧された。企業の健保組合から国民健康保険に移った情報などがカードに反映されず、無保険状態となるトラブルも各地で起きた。コンビニでの証明書の誤発行は富士通子会社のシステム設計に問題があった。残りの大部分は人為的なミスによるものだ。河野太郎デジタル相は「マイナンバー制度のシステムそのものに問題は無い」と主張するが、国民の不安を理解していない。システムの受注企業を監督する自治体の体制や、事務作業の精度を高める環境まで含めて、制度全体の安定性が問われている。混乱の背景には、デジタル化の遅れを取り戻そうと、躍起になってマイナカードの普及を進める政府の姿勢がある。河野氏は昨年10月、2024年秋に現行の保険証を廃止する方針を唐突に打ち出した。マイナ保険証と併用するとしていた従来方針からの転換だ。マイナポイントの付与が期間限定とされたこともあり、申請が集中した。自治体や健保組合、システムの受注企業などに過大な負担がかかったのは明らかだ。老人福祉施設では、意思表示が難しい要介護者が円滑にマイナ保険証を取得できるか、懸念が広がる。改正法施行後1年間は今の保険証も使えるが、状況次第で期間延長を検討すべきだ。国民の理解も追いついていない。給付金の受け取りに支障が生じるにもかかわらず、公金受取口座に家族を登録する人が多いのは、その証左だろう。トップダウンで期限を区切れば事業のスピードアップを図れる。新型コロナウイルス禍のような緊急時に組織を動かす場合は効果的だろう。ただ、今回のように、将来にわたって運用される制度を作る際に求められるのは、より慎重な判断ではなかったか。国民の理解が欠かせぬ人はミスを犯す。それをシステムで補うことはできても、万全とはいえない。マイナ保険証の登録遅れが確認された大阪府守口市では、ミスを修正するプログラムを導入したものの、繰り返し発生するエラーに対応しきれず、結局人による確認が必要になった。制度の導入期に不具合はつきものだ。安定するまで点検を繰り返し、一歩ずつ進むほかない。政府の情報開示も不十分だ。厚生労働省はマイナ保険証のミスを把握しながら、積極的に周知しなかった。デジタル庁も公金受取口座の問題などで開示が遅れた。情報が共有されないとミスが続くばかりか、国民の不信感が募る。重要なのは国会の役割だ。マイナンバーは使途が拡大され、マイナカードの本人確認機能はさまざまな場面で活用される。不適切な利用がなされていないか、定期的に報告を求め、制度の透明性確保に努めてもらいたい。デジタル先進国のデンマークは、ITになじんだ若年層向けの行政手続きから施策を進め、段階的に国民の理解を得たという。日本は、きめ細かい配慮や戦略を欠いている。政府はオンラインでの銀行口座開設や携帯電話契約の本人確認手段をマイナカードに一本化することを検討する。だが、自治体や国民を置き去りにしたまま進めても、制度は根付かない。計画を十分検証し、必要に応じて見直すことをためらうべきではない。,2023/6/9,混乱続くマイナカード 拙速排し立ち止まる時だ
ロシアによる軍事侵攻が、新たな惨事を招いた。ウクライナ南部のロシア占領地域にあるカホフカ水力発電所のダムが破壊され、ドニエプル川下流域で洪水が広がった。ウクライナ、ロシア両政府とも、「民間人を危険にさらす破壊行為だ」と相手を非難している。ウクライナ軍による反転攻勢の開始が伝えられる中で起きた。洪水が広がったことで、攻勢は困難になったとの見方も出ている。下流のウクライナ側では1万6000人以上が被災したという。ロシア占領地域でも住宅浸水や停電が起きた。多数の犠牲者が出る可能性も指摘されている。農業用水としても使われており、食糧生産に打撃となる可能性が高い。埋設された地雷が流れ出す懸念もある。欧州最大規模のザポロジエ原発の冷却にも、ダムの水が使われている。決壊による影響は確認されていないが、この原発では昨年11月にも攻撃が相次いだ。原発の安全確保が急務だ。両国は、国連の調査や国際機関による人道支援活動に協力すべきである。20世紀に起きた2度の世界大戦で人類は民間人に多大な犠牲を出した。その教訓から、国際社会は市民の犠牲を抑えるために国際法を整えてきた。1977年に採択されたジュネーブ条約追加議定書はダムや堤防、原発を攻撃対象とすることを禁じている。攻撃を受けた場合の危険度が高く、民間への悪影響が計り知れないためだ。ロシアは国連安全保障理事会の常任理事国として、世界の平和に特別な責任を負っている。にもかかわらずウクライナでアパートや病院、学校などの民間施設を攻撃してきた。ルールを無視し、さらに国際秩序を破壊することは許されない。誰がダムを破壊したかは不明だが、巻き添えで犠牲になったのは一般市民だ。国連のグテレス事務総長は緊急記者会見でこう述べた。「ウクライナでの苦しみの水門は、1年以上にわたりあふれ続けている」市民の苦痛をこれ以上長引かせないためにも、ロシアは直ちに軍を撤退しなければならない。,2023/6/8,ウクライナでダム破壊 露の侵攻が招いた惨事だ
人工知能（AI）を使って画像や文章、音声などを生成できるようになった。表現活動を脅かされかねないとして、文化芸術の担い手が危機感を募らせている。懸念されるのは、著作権が侵害されることだ。画像や文章を生成させるためには、大量のデータを読み込ませる必要がある。データとして利用されるのは、アーティストが創造した画像や楽曲、俳優の肖像、声などである。俳優や音楽家らで作る日本芸能従事者協会が5月に実施したウェブアンケートでは回答者の約94％が「権利侵害などの弊害に不安がある」と答えた。「画像の生成に自身の作品を勝手に使用された」「培った技術の価値が否定される」と訴える声も寄せられた。現行の著作権法では、情報解析や情報処理のためであれば、学習用データとして著作権者の許諾なしに著作物を利用することができる。イノベーションの創出を図りたい産業界からの要請で、国が2018年に法改正した。だが、生成AIが急速に進化したため、現在の著作権法の枠組みでは十分に対応できない問題も生まれている。AIによる生成過程は外から知ることができず、ブラックボックス化している。人間の場合と違って、どのデータを使ったのか明らかになりにくい。芸能従事者協会は、学習させたデータの開示を利用者に義務付けるルール作りなど、権利を保護する仕組みを国に要望している。業務の効率化につながるAIの活用はこれからも広がるだろう。すでに人間の仕事が取って代わられている例もある。だが、文化芸術の分野で活用が進めば、アーティストらの創作意欲がそがれかねない。芸や技術の継承に支障が出て、文化の多様性が損なわれる恐れがある。米国では、影響を危惧するハリウッドの脚本家らが映画やドラマのシナリオ作りには使わないよう製作会社側に求めている。文化庁はAIと著作権の問題について、弁護士や有識者らから意見を聞き、課題を探るという。社会のデジタル化が加速する中、文化芸術に携わる人たちの権利が侵害されることのないよう議論を進めてほしい。,2023/6/8,文化芸術と生成AI 創り手の権利守る議論を
科学の発展には、研究者が腰を据えて取り組める環境が重要だ。にもかかわらず、逆行するような事態が全国の大学や研究機関で起きている。研究者の雇い止めだ。改正労働契約法が2013年に施行され、有期雇用者は通算5年を超えると無期雇用への転換を申し込めるようになった。雇用の安定を図るための改正だった。しかし、5年を超す直前に非正規労働者が雇い止めされ、無期転換を阻まれるケースが相次いだ。研究活動は長期に及ぶことが多く、例外的に10年を超えれば無期雇用を希望できることになった。ところが、日本を代表する研究機関である理化学研究所は「10年を超える有期雇用を認めない」とするルールを作った。研究者ら約200人が今年3月末に契約期間を終えた。約半数は「理事長特例」として2年間の雇用継続を認められたが、97人が雇い止めとなった。閉鎖を余儀なくされた研究室もあった。理研だけの問題ではない。文部科学省が昨秋実施した全国調査によると、今年3月末で10年の期間を満了する約1万2000人のうち、無期転換の見込みがある人は44％にとどまっていた。そもそも国内の研究機関は、日常的な運営に使える予算が減らされる中、人件費を圧縮してきた。無期雇用の対象者を絞り込み、任期付きポストが拡大した。研究者を「使い捨て」のように扱う雇用環境が固定化してしまうと、手っ取り早く成果が見込める分野が優先されかねない。それでは、未来を開くような独創的な研究は育ちにくい。政府は成長戦略で研究力の強化と人材の育成を掲げてきた。だが、影響力のある論文数の比較で日本の順位は下がり、研究力の低迷は深刻さを増している。背景には、研究者という職業が魅力的でなくなっているという事情もある。企業が専門人材を受け入れる体制も不十分で、大学院博士課程への進学者は減っている。本来、人材の流動化はキャリアの向上に資するものだ。安易な雇い止めが広がることは、改正法の趣旨に照らしても本末転倒といえる。日本の科学力の底上げを目指すならば、研究者が能力を生かせるようにしなければならない。,2023/6/7,研究者の雇い止め 使い捨てでは未来開けぬ
地域の緊張が高まっている時こそ、国防を預かる責任者には、状況の悪化を避ける努力が求められるはずだ。オースティン米国防長官と中国の李尚福国務委員兼国防相がシンガポールで開かれた国際会議に出席したものの、正式な会談は実現しなかった。米国側は会談を申し入れたが拒否されたと説明する。中国側は李氏がロシアからの武器購入を巡って米国の制裁対象となっていることを問題視したとされる。アジアの平和と安定を左右する両国の国防トップが対話の機会を逸したのは、極めて残念と言うほかない。折しも、米中による偶発的な衝突のリスクを懸念させる事案が相次いでいる。南シナ海上空で中国の戦闘機が米偵察機の正面を横切り、台湾海峡では米海軍のミサイル駆逐艦に中国軍艦が約140メートルの距離まで接近した。いずれも危険な挑発行為だ。会議では双方の不信の根深さが際立った。オースティン氏は「台湾海峡での衝突は破滅的なものになる」と台湾統一に向けた武力行使を排除しない中国に警告した。これに対して李氏は「米中の対立や衝突は世界にとって耐えがたい苦痛となる」とけん制した。米中関係は、昨年8月のペロシ下院議長（当時）の台湾訪問や、今年2月の米軍機による中国の気球撃墜で悪化した。緊急事態に備えた国防当局間のホットラインも機能不全に陥っている。ただ、最近ではレモンド商務長官が訪米した王文濤商務相と会談するなど、経済や外交の分野では本格的な対話再開への機運が高まっている。5日にはクリテンブリンク国務次官補と馬朝旭外務次官が北京で会談し、気球撃墜を受けて取りやめとなったブリンケン国務長官の訪中計画についても協議したとみられている。こうした中、安全保障分野だけが非難の応酬に終始している。対話が進まない現状は、地域にとって不安定要因になっている。アジアの緊張緩和に向けて米中はともに行動する責任がある。国防当局間で、危機管理に不可欠なホットラインの正常化などを進め、ハイレベルの対話を通じて信頼醸成に取り組むべきだ。,2023/6/7,米中国防相会談見送り 偶発的衝突回避へ対話を
与野党間の政治的駆け引きで信頼を損ねただけではないか。米国が国債を償還できなくなる「デフォルト」の危機を辛うじて回避した。政府の借金限度額を定めた「債務上限」の効力を2年間停止する法律を成立させ、償還資金をようやく確保した。米国債は世界で最も安全な資産とされ、日本など各国の政府や金融機関が大量に保有する。デフォルトに陥れば、リーマン・ショックの再来となる恐れがあった。土壇場までもつれたのは、来年の大統領選をにらんだ政争が激しくなったためだ。予算に多くの目玉政策を盛り込んだバイデン大統領は無条件の債務上限引き上げを求めた。一方、野党・共和党は大幅な歳出削減を要求し、トランプ前大統領は「削減を約束しないならデフォルトもやむを得ない」と言い放った。与党・民主党からは、議会の承認手続きを省く強硬論まで飛び出し、対立がエスカレートした。世界経済を「人質」にして、互いに一歩も譲らないチキンレースに終始した。最後は妥協したが、代償は小さくなかった。交渉の難航を受け、格付け会社は米国債を格下げする可能性があると警告した。米国は巨額の借金を抱えている。債務上限は本来、借金の膨張を防ぐものだ。政争の具にしてしまえば、財政への信認は低下する。外交にも影響を及ぼした。広島で開かれた主要7カ国首脳会議（G7サミット）で、バイデン氏は債務問題の調整のため、討議の一部を欠席した。ウクライナ危機や対中政策など国際秩序の根幹に関わる課題がテーマだった。G7のリーダーの対応として疑問符がつく。背景には、米国の政治が内向きの姿勢を強めていることがある。経済格差など米国社会の分断が深まる中、指導者は支持者向けのアピールに躍起となっている。「米国第一」を振りかざしたトランプ氏に続き、バイデン氏も国内産業を保護する政策を推進している。世界全体の利益よりも自国を優先する発想だ。世界の安定は超大国の責務だ。国内問題に足を取られていては役割を果たせない。立場を自覚し、混乱を繰り返してはならない。,2023/6/6,米国債のデフォルト回避 信頼損ねた内向きの政治
性暴力は重大な人権侵害だ。被害の実態解明が先ではないか。ジャニーズ事務所が、創業者のジャニー喜多川氏による性加害問題で、対応策を発表した。まず、事務所に所属していたタレントらを対象とする相談窓口を設置した。外部の専門家らが心の問題をケアするという。また、ガバナンスの改善を目的に前検事総長ら第三者による再発防止特別チームを作る。今年のワールド・ベースボール・クラシック（WBC）優勝にコーチとして貢献した白井一幸氏ら3人を社外取締役に迎える。だが、真相を究明しようという姿勢は相変わらず見えてこない。喜多川氏による性加害疑惑は長年にわたって指摘されてきた。2004年には、週刊誌報道を巡る民事訴訟で「セクハラに関する重要部分は真実」と認める高裁判決が、最高裁で確定した。にもかかわらず、その後、会社としてどのように対応してきたのかは不透明なままだ。その時点で対策を講じなかったことが被害を拡大させたのだとしたら、企業としての責任は大きい。先月、10代前半に受けた性被害を記者会見で告白した元所属タレントは「事務所には実際あったことを事実と認め、被害者への謝罪と対応を求めたい」と訴えた。ジャニーズは喜多川氏が故人であることを理由に性加害があったかどうかを認めようとしない。しかし、心のケアも再発防止も、実態の解明なしには進まないはずだ。自浄作用には限界がある。やはり、独立した第三者委員会を設け、被害を訴える人らのプライバシーに配慮しながら調査し、結果を公表すべきだ。芸能界におけるセクハラ、パワハラの告発はジャニーズに限らない。撮影現場や稽古（けいこ）場といった閉鎖的な空間ではハラスメントが起きやすい。フリーランスが多く、監督や演出家に比べて立場が弱いという事情もある。未成年のタレントも少なくない。米国では多くの州で、エンタメに従事する子どもの健全な発育を守るための法律などがある。日本でも芸能従事者を保護する法整備を求める動きがある。文化芸術の発展のためにも、ハラスメントを根絶しなければならない。,2023/6/5,ジャニーズが対応策 まずは被害実態の解明を
関税引き下げを伴わない経済圏構想には限界がある。輸出拡大などの実利に乏しければ、機能しないのではないか。米国主導の「インド太平洋経済枠組み（IPEF）」が供給網強化の協定を策定することで合意した。日本を含む14カ国で、半導体や希少金属などの重要物資を特定国に依存しない供給網や、緊急時に融通しあう仕組みを構築する。新型コロナウイルス禍でマスクや消毒液などが不足し、ウクライナ危機では肥料や希少金属の価格が高騰した。経済や社会の動揺を抑えるための備えは必要だ。自動車の電化に不可欠なレアアース（希土類）など中国頼みの物資は多い。他国を経済的に威圧する行為に利用される懸念がある。米国はデリスキング（リスク低減）の具体策としてIPEFを位置付け、戦略物資の中国依存を解消する戦略を描く。一方で、東南アジアなど他の参加国が期待するのは実利だ。経済面で中国との関係が深い国もある。中国排除の性格を強めれば、内部で摩擦が生じかねない。例えばインドネシアだ。蓄電池や自動車の産業化を狙って、原材料であるニッケルの輸出を規制した。資源が欲しい海外企業には国内への投資を呼びかけ、多くの中国企業が進出した。保護主義的な政策を強める中で中国との関係を深め、米国主導の供給網強化の一翼も担う。複雑な構図だ。協定ができたとしても、実効性には疑問符が付く。インドを半導体の製造拠点とし、ベトナムのレアアース生産能力を高めれば、日米は供給網を強化できるだろう。ただし、自由貿易のルールを共有し、利益を分かち合う関係を築くことが前提だ。IPEFにはそうした視点が欠けている。これでは企業は動きにくい。デジタルデータの越境移転や労働者保護など、供給網以外の交渉は難航している。米国が自国に都合の良いルール整備を重視し、新興国の理解を得られないためだ。アジアの成長を取り込みたいのなら、自由貿易の枠組みを活用するのが本道だ。日本は米国にIPEFの限界を説き、環太平洋パートナーシップ協定（TPP）への復帰を働きかけるべきだ。,2023/6/4,IPEFの供給網協定 相互利益につながるのか
人工妊娠中絶のための飲み薬の製造販売が、国内で初めて承認された。外科手術に比べて身体への負担が少ない。選択肢が広がったことは前進だが、なお課題も残っている。英製薬会社が開発した「メフィーゴパック」という薬だ。妊娠9週以内の人が、指定医のもとで2種類の薬剤を服用することにより、中絶が可能になる。経口中絶薬は、1988年にフランスで初めて承認され、現在70カ国以上で使われている。世界保健機関（WHO）も安全だとして推奨してきた。しかし、日本では、妊娠初期の中絶方法は、これまで外科手術しか認められず、世界の潮流から遅れていた。承認には、条件が付けられた。腹痛や出血などの副作用があるため、当面、入院が可能な病院・診療所での使用に限られる。外来であっても、中絶が確認されるまでは院内待機が求められる。安全性を考慮すれば、当初は慎重を期すのはやむを得ないだろう。だが、病院と有床診療所に限定することで、女性が薬にアクセスしにくい状況を招かないか懸念が残る。知見を生かしながら、柔軟に対応していく必要がある。費用の問題もある。中絶薬の服用は、外科手術と同様、原則として保険が適用されず、自由診療となる。薬代に加え、医療機関での診察・検査などの料金を含めると10万円程度かかると想定されている。もう少し安価に提供できるようにすべきではないか。また母体保護法は、中絶に原則として配偶者の同意を求めているが、要件撤廃を求める声は強い。法改正を検討すべきだ。国内の中絶件数は、2021年度で約12万6000件にのぼる。厚生労働省が承認前に一般から意見を公募したところ、異例に多い約1万2000件が寄せられ、関心の高さを示した。世界では「性と生殖に関する健康と権利」への理解が広がっている。産むか産まないかなど、自分の身体に関することを自己決定できる権利を尊重する考え方だ。承認を第一歩として、安心して使用できる仕組みを整える必要がある。女性の健康と権利を守る取り組みをさらに進めていかなければならない。,2023/6/4,飲む中絶薬の承認 安心して使える仕組みを
言論を暴力で封じ、民主主義の基盤である選挙を脅かすような行為を、どう防いでいくか。教訓を重く受け止めなければならない。4月に岸田文雄首相の遊説先で爆発物が投げ込まれた事件について、警察庁が警護の状況を検証した報告書を公表した。事件は、和歌山市の漁港で起きた。首相は避難し無事だったが、聴衆ら2人が軽傷を負った。兵庫県に住む容疑者が逮捕された。報告書が指摘したのは、和歌山県警の警護計画の不備だ。安全を確保するための実効的な措置が盛り込まれていなかった。聴衆は漁協関係者やその親族らに限られるとの前提で作られていた。自民党県連や漁協の説明に基づくものだが、認識が甘かったと言わざるを得ない。出入りは、漁協のスタッフが顔を見てチェックするだけだった。一律の手荷物検査はなく、金属探知機も設けられなかった。警察庁の事前審査も十分ではなかった。計画の不備を具体的に指摘するには至らなかった。爆発地点から約60メートル離れたコンテナに、爆発物の一部とみられる破片が突き刺さっていた。甚大な被害が生じた可能性もある。昨年7月には安倍晋三元首相が参院選の応援演説中に銃撃され、死亡した。選挙演説が相次いで標的となった。深刻な事態だ。選挙中の警護・警備は難しい。政治家がさまざまな場所で演説し有権者と触れ合う場面が多い。警察だけでは、対応に限界がある。要請・助言した安全対策を実施するかどうかは、政治家や政党側の判断に任されている。報告書では、これまで以上に警察から安全確保の取り組みを求めていく方針が示された。演説会場はなるべく屋内とするよう働きかける。屋外で実施する場合、有権者と拳を合わせる「グータッチ」などは避けるのが望ましいと説明していくという。選挙では「握手の数しか票は出ない」とも言われてきた。だが、首相や閣僚が狙われれば、国政に影響が及ぶ。集まった有権者も巻き込まれかねない。政治の側も認識を改める必要がある。国民の理解を得ながら、政治と警察で選挙活動の安全を守るルールづくりを進める時だ。,2023/6/3,首相襲撃で警察報告書 演説の安全守るルールを
少子化対策は日本にとって喫緊の課題だ。「次元の異なる対策」を約束しながら、施策の列挙にとどまり、財源の根拠を示さないのは無責任というほかない。政府の有識者会議「こども未来戦略会議」で、来年度から3年間に取り組む施策の素案が示された。年3兆円台半ばの予算規模を見込んでいる。岸田文雄首相は近日中に予定する経済財政運営の指針「骨太の方針」策定までに、子育て予算の倍増に向けた財源の大枠を示すと説明してきた。今回、財源の枠組みとして新たに打ち出したのは、子ども政策を実行するための「支援金制度」の創設と、社会保障の歳出改革だ。支援金は企業を含め社会全体で広く負担するとの位置づけだが、詳細は年末に先送りされた。どのような仕組みで資金を手当てするのかは、明らかになっていない。先送りされた財源確保安定財源の確保にめどがたつ2028年度までは、子ども関連予算を管理する特別会計を作り、不足分は「こども特例公債」を発行して補うという。だが、本来、子どもの育ちを支える費用が、将来世代の借金頼みとなっては本末転倒だ。社会保障制度の持続性を高めるには、歳出の見直しが不可欠だ。ただ、抑制は容易ではない。高齢化に伴い社会保障費は膨らみ続けており、公費投入も増えている。毎年、薬価を引き下げたり、利用者負担を増やしたりして社会保障費の増額幅を抑えてきた。さらに圧縮すれば、医療や介護の給付が目減りしかねない。与党内の反発が強く、削減幅は盛り込まれなかった。年末には6年に1度の医療と介護の同時報酬改定に向けた詰めの作業が控える。物価高や人件費増を理由に、医師会など関係団体が報酬のアップを求めている。にもかかわらず、政府は28年度までに徹底した歳出改革を行い、国民に実質的な追加負担が生じないことを目指すという。現実味を欠いていると言わざるをえない。財源の議論が深まらないのは、選択の幅を狭める前提を設けたからではないか。岸田首相は消費税を含む増税を当初から封じた。政府は必要な費用を社会保障の枠内でやりくりするしばりをかけた。政府内では公的医療保険料を引き上げて「支援金」に回す案が検討されている。医療保険は、あらかじめ保険料を支払い、病気やケガをした時に安心してサービスを受ける仕組みだ。目的外の子育てに充てることには問題がある。防衛力増強の財源確保をめぐって首相は、歳出改革で捻出できない分は、増税で賄うことを想定している。それに比べ少子化対策は、財源の手当てに本気度が見えない。これでは優先度が低いと受け止められても仕方がない。首相は30年までが少子化対策の「ラストチャンス」と強調している。年内にも予想される解散・総選挙を意識して、財源や国民負担などの議論を避けているとすれば、不誠実だ。若者の雇用安定が先決少子化が急速に進むと、人口構成がゆがみ、社会の持続可能性も揺らぎかねない。素案には児童手当の拡充や育児休業中の経済支援強化などが盛り込まれた。児童手当は所得制限を撤廃し、対象を高校生まで広げて月1万円を支給する。第3子以降は現在の1万5000円を3万円に倍増する。社会で子どもを育てるという観点から、子ども・子育て支援の拡充は必要だ。しかし、子育て世帯を対象としたこれらの施策によって、少子化にブレーキがかけられるのかは見通せない。少子化の大きな要因は、結婚しない人が増えていることだ。結婚や出産は個人の自由な選択だが、雇用が不安定で収入が低いなど、経済的な理由から希望がかなわない人もいる。35歳未満の男性の場合、非正規で働く人の婚姻率は正規の3分の1にとどまる。正規と非正規の生涯賃金は、1億円の差があるとされる。素案には所得向上策として、賃上げや非正規の正規化などが挙げられているが、具体性を欠き、踏み込み不足だ。少子化は国のあり方にかかわる大きな課題であり、歯止めをかける道筋を示すのが政治の責任だ。国民の理解を得られるよう、施策、財源ともに内容を練り上げていく必要がある。,2023/6/2,岸田政権の少子化対策 「異次元」には物足りない
宇宙開発を理由に北東アジアの緊張を高める行為である。看過できない。北朝鮮が「軍事偵察衛星」を打ち上げたと発表した。失敗したものの、早期に「2回目」を断行するという。「弾道ミサイル技術を使ったあらゆる発射」を禁じる国連安全保障理事会の決議違反である。偵察衛星は、日本や韓国、太平洋地域に展開する米軍などの動向把握が目的だとされる。2021年の朝鮮労働党大会で示された国防発展5カ年計画で、重点的な開発目標に位置付けられた。金正恩（キムジョンウン）総書記は計画期間内に多数の偵察衛星を打ち上げ、情報収集システムを構築する方針を表明している。たびたび開発現場を訪れ、完成した衛星を視察するなど力を入れてきた。米空母などの動きをリアルタイムに把握できるようになれば、地域にとってより深刻な脅威となる。北朝鮮は最近、韓国への戦術核の使用をほのめかし、挑発の度合いを高めている。安全保障面で連携を強める日米韓をけん制する意図もうかがえる。米国を中心にした「アジア版NATO（北大西洋条約機構）」につながると反発してきた。北朝鮮は核拡散防止条約（NPT）加盟国としての義務を無視して核兵器を開発し、米本土を狙う大陸間弾道ミサイル（ICBM）の発射を繰り返してきた。衛星打ち上げは主権国家に認められた権利だと主張するが、国際規範を無視して権利だけ主張しても聞き入れられない。北朝鮮の国内情勢は厳しい。新型コロナウイルスの流入防止を目的とした長期間の国境封鎖で経済は混乱し、食料難が伝えられる。国連児童基金（ユニセフ）は先週、乳幼児の6人に1人が栄養不足による発育不良状態にあると指摘した。金総書記はこの間、「人民大衆第一主義」というスローガンを掲げてきた。にもかかわらず軍事部門に資金を集中させており、国民生活にしわ寄せが及んでいる。核・ミサイル開発を加速する北朝鮮に対し、日米韓は結束して圧力を強める必要がある。中国にも、北朝鮮に自制を促すよう影響力の行使を働きかけていくべきだ。,2023/6/1,北朝鮮の「偵察衛星」 見過ごせない新たな脅威
なぜ、惨劇が起きてしまったのか。警察は捜査を尽くし、全容を解明しなければならない。長野県中野市で4人が殺害された事件から1週間がたった。近所に住む高齢の女性2人が刺されて亡くなり、駆けつけた警察官2人が銃で撃たれ、死亡した。青木政憲容疑者が自宅に立てこもった後、殺人容疑で逮捕された。女性2人について「（独り）ぼっちだとばかにされた」と話しているという。トラブルは確認されておらず、思い込みで恨みを募らせた可能性がある。警察官に関しては「撃たれると思って撃った」と供述している。両親らと4人暮らしだが、ここ数年は地域の活動にも顔を出さなくなっていたとされる。動機や背景を明らかにする必要がある。青木容疑者は散弾銃など4丁の銃を所持していた。「狩猟」と射撃場での「標的射撃」を目的に県公安委員会から許可を得ていた。更新手続きや今年2月の県警による検査の際も、問題視される点は確認されなかったという。世界的に見ても、日本の銃規制は厳しい。所持目的は限定され、講習や射撃教習を受けることが義務づけられている。2007年に長崎県で起きた銃乱射事件を受け、さらに強化された。精神科医らの診断書の提出が必須となり、ストーカー行為をした人や自殺の恐れがある人などは所持できなくなった。それでも、昨年1月には埼玉県の民家で、訪問診療に訪れた医師が散弾銃で撃たれて殺害される事件が起きている。昨年末時点で全国の8万人以上が、計17万丁余の銃所持を許可されている。所持者個人に管理を任せるだけでは限界がある。警察署や猟友会で保管する仕組みも検討すべきではないか。銃被害根絶に向けた取り組みを進めなければならない。複数の警察官が命を奪われる事件は33年ぶりだ。殺害された2人は防弾チョッキを着用せず、拳銃も携帯していなかった。パトロールや事件の初動対応に当たる警察官が襲われるケースは後を絶たない。今回の状況を検証し、安全確保のあり方を見直していくことも欠かせない。,2023/6/1,長野4人殺害事件 銃被害根絶の取り組みを
NHKが、番組のインターネット配信の基準に違反する不適切な予算措置を講じていた。業務と認められていない衛星放送（BS）番組の配信関連費用約9億円を今年度予算に盛り込んでいた。国会承認後、局内の調査で一連の経緯が明らかになった。ガバナンスの機能不全を浮き彫りにする深刻な事態だ。当時の役員や経営委員会の責任は重大だ。放送法は、NHKの本来の業務を放送と定め、ネットは補完業務と位置付ける。ネット業務の内容や範囲は総務相が認可する「インターネット活用業務実施基準」で決められている。地上波の番組は動画配信サービス「NHKプラス」で提供されているが、BS番組は認められていない。実施基準を変更しないままBS番組を配信すれば、放送法に抵触する恐れがある。NHKはきのう、経緯を説明した。予算は前田晃伸・前会長時代の昨年末、理事会ではなく、理事らによる稟議（りんぎ）のみで承認されたと明らかにした。だが、BS番組をネット配信するという方針を決めたことはないという。それでは、なぜ予算に盛り込まれたのか、理事から問題点の指摘はなかったのか、疑問は募るばかりだ。ネット配信の根幹に関わるテーマでありながら、理事会に諮らなかったのも理解に苦しむ。若者を中心にテレビ離れが進む中、NHKはデジタル対応を進めてきた。ネット配信に前のめりの姿勢が、今回の問題の背景にあったのではないか。稲葉延雄会長の下に弁護士らからなる検討会を設け、ガバナンス改革に取り組むという。意思決定プロセスを含め、徹底的に検証し、疑問点をすべて明らかにしなければならない。ネット業務をNHKの本来業務に加えるべきか、総務省の有識者会議が検討を進めている。しかし、民放などは公正な競争が阻害される恐れがあるとして懸念する。受信料で支えられているNHKには高い透明性が求められる。近年、政治との距離などを巡り、公共放送としてのあり方が問われている。組織の体質を改めなければ、国民の信頼は取り戻せない。,2023/5/31,NHKが配信基準違反 国民の信頼損なう行為だ
同性婚を認めない現行制度は、憲法に違反するとの判決を名古屋地裁が出した。同種訴訟での違憲判決は2件目である。特筆されるのは、法の下の平等を定めた14条1項だけでなく、婚姻に関する法律の制定で個人の尊厳への立脚を求める24条2項にも違反していると判断したことだ。判決は、婚姻の本質が2人で共同生活を営むことにあり、人の尊厳に関わる重要な問題だと位置づけた。にもかかわらず、同性カップルは国の制度による社会的承認を得られず、関係を保護する枠組みすら与えられていないと指摘した。相続や親権、税、医療・年金などで法的に権利が保障されず、「甚大な不利益を被っている」と認定した。「現状を放置することは合理性を欠く」として、適切に対応してこなかった国会の姿勢を批判した。伝統的家族観は唯一絶対のものではなくなり、同性カップルを国が公的に証明する制度を設けても「国民が被る具体的な不利益は想定しがたい」と踏み込んだ。同性婚が認められない現状に対し、厳しい司法判断が続く。札幌地裁は2年前、14条1項を挙げて違憲判決を出した。東京地裁は「憲法に違反する状態」と認め、大阪地裁は合憲としつつも将来的な違憲の可能性に触れた。同性婚に対する社会の意識は変わってきている。各種世論調査では法制化に賛成する人が、反対する人を上回っている。世界では、欧米などの34カ国・地域が同性婚を認めている。性的指向は、自分の意思で変えられるものではない。それを理由に不当な扱いを受けるのは、理不尽である。同性カップルの関係を公的に証明する「パートナーシップ制度」を導入する自治体が増えたが、法的拘束力はなく限界がある。広島で今月開かれた主要7カ国首脳会議（G7サミット）では、首脳宣言に「あらゆる人々が性的指向に関係なく、生き生きとした人生を享受できる社会を実現する」との文言が盛り込まれた。さまざまな人の人権が尊重される社会を構築することが、政治の責務である。国は早急に、同性婚の法制化に動くべきだ。,2023/5/31,「同性婚認めず」再び違憲 国は法制化に動くべきだ
身内による公私混同の振る舞いを見過ごしているようでは、国民の政治不信を広げるだけだ。けじめをつけるのは当然である。首相公邸での不適切な行動が批判されていた岸田文雄首相の長男の翔太郎氏が、政務秘書官を辞職する。昨年末、親族らと公邸で忘年会を開き、赤じゅうたんの階段で新閣僚の記念撮影を模した集合写真では、翔太郎氏が前列中央に立っていた。週刊文春が報じ、首相は事実関係を認めた。ただ、当初は厳重注意にとどめ、野党からの罷免要求を拒否していた。遅きに失した対応と言わざるを得ない。首相秘書官は特別職の国家公務員だ。中でも政務担当は通常、事務所を長年支えるベテラン秘書や役所出身者が務める。だが、首相は政治経験の浅い翔太郎氏を起用し、「世襲をにらんだ布石」との臆測を呼んでいた。公邸は、首相が公務にあたる首相官邸と同じ敷地内にある。私的な居住空間のほか、国内外の賓客をもてなしたり、執務を行ったりする公的なスペースもある。厳重な警備体制が取られ、税金で維持管理されている。現在は首相と翔太郎氏が住んでいる。今回の件では首相の責任も問われる。先週の参院予算委員会で、私的スペースでの食事は「特段問題ない」と語ったが、忘年会に自ら顔を出してあいさつしていた。多数の親族を公邸に招いての宴会は、非常識と言うほかない。野党から「公邸の私物化だ」と批判が上がった。翔太郎氏を巡る問題はこれだけではない。今年1月に首相の欧州訪問に同行した際、公用車で観光名所めぐりや買い物をしていたと週刊新潮に報じられた。名所を訪ねたのは広報目的の写真撮影だというが、政府は「使用されていない」と説明していた。閣僚らへの土産代は首相の「ポケットマネー」から出し、公務とは言いがたい。政策を実行するには、政治に対する国民の信頼が欠かせない。まして、防衛力強化や少子化対策を巡り、国民負担のあり方も議論されている時である。首相は一連の対応を反省し、国民から疑惑の目で見られぬよう襟を正さなければならない。,2023/5/30,首相長男が秘書官辞職 公私混同のけじめは当然
欧州とアジアの「文明の十字路」に位置するトルコのかじ取りを、エルドアン大統領が引き続き担うことになった。大統領選挙の決選投票で野党統一候補のクルチダルオール氏を破った。任期は5年である。首相時代を含め20年間のエルドアン政権下、トルコは政府主導の産業振興や都市開発で記録的な経済成長を成し遂げた。一方、新型コロナウイルスの流行後、経済が落ち込み、通貨は暴落した。インフレ率は一時、85％超に達した。今年2月にトルコ南東部で発生した地震では5万人以上の犠牲が出た。耐震対策の不備から政権批判が高まったが、国民は政権交代よりも現状維持を選択した。トルコは北大西洋条約機構（NATO）加盟国で長年、米欧寄りの外交姿勢を取ってきた。だが、エルドアン氏は中露やイスラム諸国との関係重視にかじを切った。期待されるのがウクライナ情勢への対応だ。農産物の輸出再開につなげた実績もある。今回もプーチン露大統領とゼレンスキー・ウクライナ大統領双方から祝意が伝えられた。両者と話ができる強みを生かすべきだ。戦闘の泥沼化で市民の犠牲は拡大する一方だ。地域大国の指導者として責任を自覚し、プーチン氏に撤退を促す必要がある。スウェーデンのNATO加盟には難色を示している。トルコからの分離独立を掲げるクルド人組織への支援を理由に挙げるが、ロシアの暴挙を止めるため、NATOの結束を優先すべきだ。コロナ禍で落ち込んだ経済の早急な立て直しや震災復興、シリア難民の帰還やクルド人組織との対話など国内にも課題は多い。看過できないのは、政権に批判的なメディアや市民への弾圧を続けていることである。オスマン帝国解体に伴いトルコ共和国が建国され今年で100年を迎える。選挙での平和的政権交代も実現し、中東では数少ない民主主義国家だ。強権手法を改めなければならない。世界では米欧と中露、民主主義国家と強権国家の体制間対立が深まっている。地域安定のためエルドアン氏には、分断修復の役割を果たすことが求められる。,2023/5/30,トルコ大統領が再選 地域安定への責任は重い
2024年米大統領選の共和党予備選に向け、南部フロリダ州のデサンティス知事が立候補を表明した。保守的な政策で州内の支持を集める若手政治家だ。再起を図るトランプ前大統領や女性のヘイリー元国連大使らがすでに立候補し、ペンス前副大統領も続くとみられている。混戦になるのは必至だろう。世論調査ではトランプ氏が5割超の支持を集めている。引き離されてはいるが、それに続くデサンティス氏は、最大のライバルと目されている。問われるのは「トランプ政治」の継続か、転換かだ。デサンティス氏の主張はトランプ氏に近い。「偉大な米国の復活」というスローガンはトランプ氏の「米国を再び偉大に」に似る。移民問題もトランプ氏と同じ「国境の壁」の建設を訴える。苦戦しているのは、差別化を図ろうとして人工妊娠中絶などで過度に保守的な政策を打ち出し、「反トランプ」の党内穏健派の支持を逃しているからだろう。リベラル派との過激な「文化戦争」を扇動しているとの批判もある。共和党の統合を遠ざけ、社会の分断を一段と深めることにもなりかねない。懸念は外交政策にもある。中国に強硬姿勢をとる一方で、ロシアのウクライナ侵攻を米国の国益とは無関係の「領土紛争」と軽視したことが物議を醸した。トランプ氏と同じく自国の利益ばかりを追求するなら、世界での米国の影響力を後退させるだけだろう。ヘイリー氏は国際社会での米国の役割は重要だと強調する。ただし、トランプ流の「米国第一」が幅を利かせる中、外交重視の姿勢は敬遠される傾向にある。支持率は1割未満にとどまり、トランプ氏に取って代わるだけの存在感を示せていないのが現状だ。トランプ氏は16年大統領選での不倫疑惑の口止め料事件で起訴され、他の疑惑でも訴追される可能性がある。共和党の候補者はこぞって「政治的な捜査」と司法当局を批判するが、選挙と裁判が同時に進む異例の事態にどう対応するかは明らかではない。8月には候補者討論会が始まる。トランプ氏とどう向き合うか。それぞれの候補が態度を明確にする必要がある。,2023/5/29,米大統領選と共和党 問われる「トランプ政治」
女性の尊厳を損なう行為だ。地方議会に根強く残る古い体質を改め、女性議員が活躍できる場にしなければならない。地域政党・大阪維新の会の笹川理（おさむ）府議が、党所属の女性市議にセクハラやパワハラをしたと報じられ、府議団の代表を辞任した。週刊文春によると、2015年に性的関係を迫るようなメッセージを送り、深夜に女性の自宅のインターホンを押すなどの嫌がらせをしたという。大阪維新が母体の国政政党・日本維新の会は「大阪の改革を全国に波及させる」と主張し、先月の統一地方選で伸長した。府議団はその中核を担う。辞任は当然だ。大阪維新の責任も問われる。女性から被害の申告を受けていたにもかかわらず、笹川氏を府議団トップに選んだ。当時の大阪維新幹事長だった松井一郎前代表は、メッセージの内容まで精査せず、不適切な行為をやめるよう笹川氏を指導しただけだったという。組織として党紀委員会を開くこともなく、不十分な対応だったと言わざるを得ない。大阪維新は党所属の全議員を対象に、ハラスメント被害を受けたことがあるかどうか調査する。速やかに結果を公表し、対策を徹底する必要がある。今回の件は氷山の一角に過ぎない。内閣府が21年に公表した調査では、女性地方議員の6割近くが支援者や議員からハラスメントを受けていた。政治への参画をためらう理由の一つだと指摘される。立場を利用した嫌がらせが横行する現状は、人権軽視と言うほかない。悪弊は早急に一掃されなければならない。「政治分野における男女共同参画推進法」が21年に改正され、政党や国、自治体はハラスメント防止の取り組みを求められている。福岡県議会と大阪府議会では根絶を目指す条例が成立した。有権者は男女半々だが、女性議員は国・地方ともに少ない。統一選当選者に占める女性の割合は、道府県議選で14％、市議選で22％と過去最高となったものの、まだ不十分だ。男性に偏った議会構成では議論が硬直化してしまう。女性議員を増やすための環境整備に政党や自治体は力を尽くす責任がある。,2023/5/29,地方議員へのセクハラ 女性進出阻む悪弊根絶を
通常国会の会期末まで1カ月を切った。にもかかわらず、防衛力強化や少子化対策など国の根幹に関わる議論は深まっていない。衆参予算委員会に岸田文雄首相が出席し、一問一答形式の質疑が1カ月半ぶりに行われた。だが、首相は野党党首らの質問に正面から答えなかった。中国の軍拡など安全保障環境の悪化に対応するため、政府は5年間で防衛費を国内総生産（GDP）比2％まで増額する方針だ。そのための財源確保法案が最大の争点となっている。これまでの審議を通じ、安定的に確保できる見通しを政府は示せていない。首相は「歳出改革の取り組みを継続する」と従来の答弁を繰り返している。子ども予算の「将来的な倍増」に向けた財源のめども立っておらず、首相は「歳出改革を徹底する」と言うばかりだった。どちらも長期にわたり大規模な予算を必要とする。歳出削減だけでは賄いきれない。厳しい財政状況の中、国民負担の議論が避けて通れない。首相は6月中に子育て支援の具体策や財源の大枠を示すと表明している。社会保険料の増額が検討されているが、国会で説明しようとしない。本来なら、開かれた国会論戦を通じて論点を浮き彫りにし、施策に反映させるのが筋だ。しかし、このままでは十分に議論されずに国会が閉じてしまう。政府は昨年末にも臨時国会の閉会後に防衛費の大幅増額方針を決定し、既成事実化させた。野党の追及不足も目立った。衆院予算委で立憲民主党の泉健太代表は、防衛費よりも教育などに投資すべきだと持論を展開したが、首相に論戦を求めなかった。日本維新の会の馬場伸幸代表も、本拠地の大阪府市で取り組む子育て施策のアピールに終わった。岸田首相のもとでは党首討論が一度も開かれておらず、与野党トップが国の針路を巡り議論の応酬を繰り広げる機会もない。主要7カ国首脳会議（G7サミット）が終わり、内閣支持率の上昇を背景に自民党内では衆院解散論が出ている。だが、政策課題は山積している。与野党とも浮足立つことなく、地に足の着いた議論を尽くすべきだ。,2023/5/28,終盤国会と与野党 国の針路巡る議論足りぬ
食品やサービスの価格上昇が続く中、日々の暮らしに不可欠な電気料金の値上げは家計をさらに圧迫する。大手電力会社は消費者の理解を得る努力を尽くさなければならない。東京電力など7社が来月から家庭向け電気料金を平均15・9～43・4％引き上げる。5月分と比べた標準的な世帯の負担増は、東電で881円、最も高い沖縄電力では2771円に上る。政府がウクライナ危機などに伴う燃料費高騰分の価格転嫁を認めた。家庭向け料金については、国の認可を受けなくても燃料費の変動を一定程度反映できる燃料費調整制度があるが、7社とも上限に達していた。値上げ申請に踏み切ったのは、上限を大幅に超えて赤字が膨らんだためだ。申請時期と重なる昨年末から今年にかけて、企業向け販売でのカルテルや、新電力の顧客情報の不正閲覧など大手電力の不祥事が相次いで発覚した。市場競争によって価格低下を促す電力自由化に背く行為で、消費者の間に不信感が広がった。4月の統一地方選への影響を懸念した岸田文雄首相は、値上げについて、経済産業省に「厳格な審査」を指示した。これを受けて、引き上げ幅は申請当初の3～5割弱から圧縮され、時期も想定より2カ月程度ずれ込んだ。西村康稔経産相は「前例にとらわれず極めて厳格に査定した」と強調した。だが、結局、不正行為の再発防止策が徹底されているかを確かめないまま見切り発車的に値上げが認められた。調整制度により電力料金は昨年来、高止まりしている。このため、政府は1月から標準的な世帯で月2800円程度を補助する負担軽減策を講じているが、9月までの時限措置だ。冬場に向けて延長が課題となりそうだが、財政の制約から全世帯対象の制度をいつまでも続けるわけにはいかない。「家庭の負担増を求める前に、身を切る経営改革を徹底するのが筋だ」。値上げを巡る公聴会ではこんな声も出た。燃料費の低下が当面見込めない中、各社は経営効率化を進め、料金抑制に努めるべきだ。カルテルに象徴される地域独占時代のあしき体質と決別する必要もある。,2023/5/28,大手電力が料金値上げ 消費者の不信拭う努力を
歴史的、社会的意義がある資料との認識が、裁判所の組織全体に欠けていたと言わざるを得ない。少年事件や民事裁判の記録が廃棄されていた問題で、最高裁が調査報告書を公表し、謝罪した。最高裁の規定や通達で、「重要な憲法判断が示された事件」「全国的に社会の耳目を集めた事件」などの記録は、「特別保存」の手続きをすることになっている。家裁や地裁の所長が判断し、一般的な保存期間を過ぎても残さなければならない。ところが、調査では、特別保存に該当するかどうか全く検討しないまま、廃棄しているケースが大半だった。1997年の神戸連続児童殺傷事件の記録は、担当職員が自らの考えで廃棄していた。家裁所長らに相談したが、明確な判断が示されなかったためだという。こうした状況について、報告書は、「最高裁の不適切な対応」が原因だと指摘した。長らく、各地の裁判所に特別保存の運用態勢整備を促してこなかった。報告を求めながら、適正化に向けた指導をしなかった。それどころか、裁判所の保管スペースが逼迫（ひっぱく）しつつあることを受け、特別保存の記録が膨大にならないよう、対策を提示していた。最高裁の小野寺真也総務局長は「後世に引き継ぐべき記録を多数失わせてしまったことを深く反省し、おわびする」と述べた。再発防止に向け、記録を「国民共有の財産」と規定し、全国的な運用態勢の整備を図る。保存のあり方について助言する第三者委員会を設け、国立公文書館への記録の移管拡大を検討する。司法分野でもデジタル化が進められている。記録の活用方法を含め、不断の見直しが欠かせない。裁判所関係者には、記録はあくまで事案解決のためのもので、保存期間が過ぎれば原則廃棄するとの考え方が根強かった。しかし、裁判所の結論は人々の生活に影響を及ぼし、社会の規範にもなり得る。記録がぞんざいに扱われていると受け止められれば、信頼を損ないかねない。最高裁は当初、個別ケースの調査に後ろ向きだった。廃棄は過去にも問題になっている。抜本的な意識改革が求められる。,2023/5/27,記録廃棄で最高裁謝罪 抜本的な意識改革が必要
国家の安全保障が理由であっても、人的交流を阻害するようなことは避けるべきではないか。中国の改正反スパイ法が7月に施行される。国家安全当局の権限が強まり、スパイ行為の定義が広がる。恣意（しい）的運用による摘発のリスクが高まると懸念する声が上がっている。現行法はスパイ行為の対象を「国家機密」と規定するが、「国家の安全と利益に関わる文書やデータ、資料、物品」に拡大する。だが、「安全と利益」の範囲は明示されておらず、従来は問題とされなかった面会や意見交換が法に抵触するとみなされかねない。物流や通信、インターネットなどの事業者にも当局による取り締まりへの協力を義務づけている。スパイ行為に関する情報提供を国民に促す内容も盛り込んだ。米中対立が先鋭化し、先端技術を巡る覇権争いが激しくなる中、社会の統制強化が改正の目的であることは明らかだ。2014年の反スパイ法施行後、中国で少なくとも17人の日本人が拘束され、今も5人が帰国できていない。今年3月には製薬大手・アステラス製薬の現地法人幹部が拘束されたが、具体的な容疑内容は明かされないままだ。米企業の摘発も相次いでいる。反スパイ法の改正について、米国のバーンズ駐中国大使は米シンクタンクのオンラインイベントで「対中投資を検討する企業が実施する調査も違法とされる恐れがある」と懸念を表明した。日本政府は在留邦人に対して注意を喚起している。拘束された日本人の早期解放を今後も中国側に粘り強く働きかけ、不透明な法の執行がないように求めていく必要がある。危惧されるのは、今回の法改正をきっかけに人的交流が萎縮してしまうことだ。外国人も中国人も今まで以上に監視や摘発への不安を募らせている。民間のパイプが細ると、中国をよく知る人が減り、各国の対中感情にも影響を及ぼすだろう。中国にとっても国益を損ねることにつながりかねない。不透明な「スパイ摘発」が相次ぐことになれば、各国の不信を招く。中国は、国際社会の厳しい目を意識すべきだ。,2023/5/27,中国反スパイ法改正 人的交流の萎縮を危ぶむ
原子力全般の平和利用を定めた原子力基本法の改正案が国会で審議されている。将来の脱原発に向けた取り組みの足かせになりかねない。再考すべきだ。基本法は「原子力利用の憲法」と呼ばれる。日本が原子力研究に踏み出して間もない1955年、議員立法で誕生した。利用を平和目的に限定し、国民生活の水準向上や国際協力に役立てるとうたう。安全の確保や情報公開の重要性を強調している。改正案の特徴は、原発の「適切な活用」を脱炭素社会の実現に向けた選択肢の一つと位置づけ、「国の責務」について具体的に記述したことだ。原発に関わる高度な研究、人材育成、立地地域の振興や原子力産業の基盤維持などに国が取り組むことを定めた。原案通り成立すれば、東京電力福島第1原発事故を教訓に「原発への依存度を可能な限り低減する」と明記したエネルギー基本計画の内容に逆行する。原発推進路線が固定化され、将来、政策選択の幅が狭まる恐れがある。専門家や市民団体は「気候変動対策とは名ばかりで、実態は原子力産業を保護する内容だ」と批判している。国会では「再生可能エネルギー特措法」などと抱き合わせた「GX（グリーントランスフォーメーション）脱炭素電源法案」として一括審議されている。脱炭素に向けた政策に紛れ込ませることで、正面から反対しにくい構図となっている。原発の運転期間を実質的に延長する改正も含まれる。原子力規制庁所管の法律から該当する規定を削除し、推進官庁である経済産業省所管の法律に盛り込んだ。日本原子力文化財団の昨秋の世論調査では、原発について「即時廃止」と「徐々に廃止」を合わせた脱原発派は約49％で、「維持」「増加」の推進派を大きく上回った。にもかかわらず岸田文雄政権は昨年、原発の建て替えに踏み込むなど方針を大きく転換した。国の重要な政策の方向性を決める法改正である。国会での熟議が不可欠だ。法案は既に衆院を通過している。参院では、改正の可否に立ち戻って議論を深めなければならない。,2023/5/26,原子力基本法の改正 議論なき原発傾斜危うい
根拠のない発言を国会で重ね、亡くなった人の尊厳と家族の心情を深く傷つけた。その責任を重く受け止めるべきだ。2年前、収容されていた入管施設で死亡したスリランカ人のウィシュマ・サンダマリさんに関する日本維新の会の梅村みずほ参院議員の発言である。入管法改正案を審議する参院本会議で質問に立った。「支援者の一言が、『病気になれば仮釈放してもらえる』という淡い期待を抱かせ、医師から詐病の可能性を指摘される状況につながった恐れも否定できない」と述べた。その後の法務委員会でも「事実はない」と認めながら、「可能性は否定できない」と強弁した。さらに、「ハンガーストライキによる体調不良によって亡くなったのかもしれない」と語った。出入国在留管理庁の調査報告書には、支援者の言葉をきっかけに病気のふりをしようとしたとも、ハンガーストライキをしたとも、記載されていない。ウィシュマさんの2人の妹は「深い悲しみに心が沈んだ」「『可能性』と言えば、何を言ってもいいのか」などとコメントした。問題の本質は、体調が日々悪化していく様子を認識しながら、施設側が必要な措置を取らなかったことだ。国会でただされなければならないのは、収容のあり方、さらには入管行政の姿勢である。梅村氏は発言を撤回すべきだ。維新の責任も重大である。本会議での質問は会派を代表して行われた。内容は、党の政務調査会が事前にチェックしていた。疑問の声が上がった後も、音喜多駿政調会長は「問題提起として間違ったことをしたとは思っていない」と述べた。最初の発言から6日後、ようやく党幹部が謝罪し、梅村氏を法務委員会から外すと発表した。処分も検討しているというが、批判に押されて対応を余儀なくされたとみられても仕方がない。維新は今春の統一地方選で躍進し、国会での存在感が高まっている。入管法改正案に関しても、修正協議を呼びかけた。しかし、人権への配慮を欠いた発言に毅然（きぜん）とした態度を示せないようでは、政党としての見識が疑われかねない。,2023/5/26,維新・梅村議員の発言 党の責任も問われている
増え続ける現役世代の社会保障負担を抑える必要はある。ただし、高齢者の保険料引き上げでは、暮らしへのきめ細かな目配りが欠かせない。全世代で支え合う社会保障制度の構築を目指した改正健康保険法が成立した。2024年度から75歳以上の医療保険料が段階的に引き上げられる。現在、年金収入が200万円の人は年間8万2100円の保険料を納めている。厚生労働省の試算によると、25年度には改正に伴い年3900円引き上げられる。収入が多い人ほど負担増となり、75歳以上の4割に影響が及ぶ。団塊の世代が22年から75歳以上となり始め、40年代前半まで高齢者は増え続ける。そうした状況を背景に近年、現役世代の保険料負担は膨らみ続けている。年齢によらず、支払い能力に応じて負担してもらうのはやむをえまい。ただ、預貯金などの金融資産の有無や、家族の支援状況によって高齢者の生活実態は大きく異なる。年金のみで暮らしている人の収入は、物価高により実質的に目減りしている。さらに、一定所得以上の75歳以上の人は、昨秋から病院での窓口負担も増えている。介護保険についても利用料の引き上げが検討されている。年間約44兆円に上る医療費のうち75歳以上が約18兆円と4割を占める。今後も増加が予想され、高齢者の負担増だけで対応するには限界がある。シニア世代の健康づくりや、給付のあり方も含めた見直しが必要だ。引き上げた75歳以上の保険料の一部は、子どもを産んだ人に支給される「出産育児一時金」の増額に充てられる。全世代型社会保障の考え方によるものだ。日本の社会保障制度は長らく「給付は高齢者中心、負担は現役世代中心」と言われてきた。しかし、急速な少子高齢化を受けて、全世代で支え合う制度への移行を迫られている。持続可能な制度にするには、高齢者の支払い能力を的確に把握することが必要だ。それでも財源が不足する場合は、消費増税なども検討課題となるだろう。国民の理解を得ながら、抜本的な改革を進めていかなければならない。,2023/5/25,75歳以上の医療保険料 持続可能な仕組み構築を
中国は主要7カ国（G7）のメッセージを冷静に受け止め、対話の道を模索すべきだ。広島で開かれたG7首脳会議（サミット）はウクライナ危機が主要議題だったが、対中方針も注目された。特筆されるのは、中国の海洋進出や人権問題などに懸念を示しつつ、協調も呼びかける硬軟両様の構えを見せたことだ。台湾問題について首脳宣言は過去2回に続いて言及し、台湾海峡の平和と安定が「国際社会の安全と繁栄に不可欠」と初めて位置づけた。「欧州は米中のいずれにも追随すべきではない」とのマクロン仏大統領の発言が波紋を広げたが、宣言では中国による武力行使は許さないとの姿勢で足並みをそろえた。一方で、中国に配慮する表現も目立った。「一つの中国」政策を含め、台湾に関するG7各国の基本的な立場に変更がないと明記した。さらに、「中国と建設的かつ安定的な関係を構築する用意」を表明した。経済安全保障では、欧州の主張を反映し、中国を排除する「デカップリング（切り離し）」ではなく、対中依存度を下げる「デリスキング（リスク低減）」の方針を打ち出した。ウクライナ危機で中国が仲介外交に乗り出していることについては、ロシアに軍撤退の圧力をかけるよう注文をつけた。これに対して中国は強く反発している。孫衛東外務次官が議長国・日本の垂（たるみ）秀夫大使を呼び出し、「中国の主権と安全、発展の利益を損なった」と非難した。G7に対抗する動きも見せている。天然資源が豊富で地政学的にも重要な中央アジア5カ国の首脳を招き、「サミット」を開催したのはその一例だ。国際社会で存在感を増している「グローバルサウス」と呼ばれる新興・途上国は、大国による覇権争いに巻き込まれることを望んではいない。米中対話は今年2月の気球撃墜で途絶えたが、再開を探る動きもある。バイデン米大統領は「間もなく雪解けする」と語っている。G7の首脳宣言に込められた意図を読み誤ることなく、中国が大国として責任ある行動を取るよう求めたい。,2023/5/25,G7サミットと中国 対立よりも対話探る時だ
国の根幹に関わる問題であるにもかかわらず、政府は多くの疑問に正面から答えていない。これでは国民の理解は得られない。野党がそろって反対する中、防衛費の大幅増額に必要となる財源を手当てするための法案が衆院を通過した。政府は2027年度の防衛費を国内総生産（GDP）比2％にする目標を掲げている。今年度から5年間の防衛費を総額43兆円とする計画で、必要な追加財源は約17兆円に上る。法案は、税外収入を積み立てておく「防衛力強化資金」の創設が柱だ。しかし、この資金で確保できるのは必要額の一部だけだ。政府が「24年以降の適切な時期」に実施するとしている増税については、自民党内からの反発で法案に盛り込まれなかった。政府は歳出改革や、予算の使い残しに当たる決算剰余金の活用なども進めるとしているが、捻出できる金額は年度ごとに変動する。安定的に確保できる保証はない。決算剰余金の活用は「国債頼み」につながる恐れもある。補正予算の財源が減り、国債発行で穴埋めする事態になりかねないからだ。自民党内では国債を原資に予備費を積み上げ、決算剰余金に回す奇策まで浮上している。先の大戦で日本は国債を乱発して戦費を調達し、戦禍を拡大させた。過去の教訓を踏まえた議論が欠かせない。財源確保策がいまだに生煮えなのは、GDP比2％という「数字ありき」だからではないか。身の丈に合った防衛力を考えるには、自衛隊の規模や装備と、国民の負担の両面から議論していかなければならない。いずれも不足しているのは明らかだ。ロシアによるウクライナ侵攻や東アジア情勢の緊張を受け、防衛費増額の必要性を認める国民は増えている。だが、共同通信の世論調査では、防衛力を巡る岸田文雄首相の説明が「十分ではない」と答えた人が88％に達した。財源確保のための増税に対する国民の理解も進んでいない。日本にふさわしい防衛力をどのように整備し、そのための財源をどう確保していくのか。参院で審議を尽くさなければいけない。,2023/5/24,防衛財源法案 衆院通過 疑問は解消されていない
主要7カ国（G7）が人工知能（AI）の課題を点検し、国際ルールの形成に向けた議論を始める。安心して利用できる仕組み作りを急がなければならない。広島で開かれたG7首脳会議（サミット）で、「信頼できるAI」の実現に向けた考え方を年内まとめることで一致した。事業者や政府の役割と責任を明確にすることが不可欠だ。偽情報による世論誘導や個人情報の流出といった懸念はかねて指摘されていた。最近は文章や画像を生成する機能が劇的に進化し、アーティストが著作権侵害などのリスクに不安を訴えている。開発や利用が無秩序に進むことへの警戒感は強い。自動車の運転に交通規則が必要なように、AIにも適切なルールがあるべきだ。経済協力開発機構（OECD）理事会は2019年にまとめた勧告で、AIが民主主義のあり方や労働市場などに広く影響を及ぼすと指摘した。透明性の確保や情報開示が必要だ。主要国はこうした理念や原則で一致している。ただ、法律で厳格に規制するか、指針など柔軟な手法で事業者を律するかといった具体策は各国に委ねる方向だ。デジタル技術は瞬く間に国境を越えて広がる。混乱を防ぐには、国際的に守るべき水準を明確にすることが求められる。生成AIを開発したオープンAIの創業者は「誤った方向に進めば深刻な問題になる」と述べ、免許制などの規制を導入するよう提言している。一方で、政府の介入が行き過ぎれば、自由で公正なデジタル社会は実現しない。規制の策定や実効性を持たせる取り組みには、民間も関与すべきだろう。ルールが守られているか、専門家や消費者がチェックして改善につなげる枠組みの構築に知恵を絞りたい。中国をはじめ権威主義的な国家との協議も必要となる。G7は監視など人権を抑圧する利用に反対しており、価値観は異なる。だが、知的財産の保護や個人情報の管理といった課題で認識を共有することは有益だ。日本の指導力も問われる。革新的な技術を制御し、暮らしの質を高めるため、議論を主導する役割を果たしてもらいたい。,2023/5/24,進化するAIとG7 責任伴う利用のルールを
「グローバルサウス」と呼ばれる新興・途上国との協調に向けた出発点にしなければならない。広島での主要7カ国首脳会議（G7サミット）が閉幕した。インドやインドネシア、ブラジルなどが招待国として参加した。ロシアによるウクライナ侵攻で世界の分断が深まる中、対話の舞台を整えたことは時宜にかなっている。G7の首脳宣言には、グローバルサウスへの配慮が色濃く反映された。ウクライナ侵攻に伴う食料危機に苦しむ途上国への支援を強化していくと約束した。新型コロナウイルスの感染拡大で露呈したワクチン格差を解消する取り組みにも合意した。国際秩序のあり方を巡っては、民主主義や人権に比べて「法の支配」により力点が置かれた。国情の異なる新興・途上国にも受け入れられやすい文言だ。対中関係でも対立色を薄めた。経済的なつながりを断つ「デカップリング（切り離し）」ではなく、過度な依存を避ける「デリスキング（リスク低減）」が必要だとうたった。電撃参加したウクライナのゼレンスキー大統領がインドなどの首脳と会談する機会ともなった。岸田文雄首相は、G7とグローバルサウスとの連携強化をサミットの成果としてアピールした。だが、先進国への不信は根深い。背景には植民地支配を受けた歴史がある。冷戦終結から30年余りたち、世界は大きく変化した。多くの途上国が経済成長を遂げて自信を付け、国際的な発言力を高めた。ブラジルのルラ大統領は、ウクライナの問題はロシアと敵対するG7の枠組みではなく、国連で議論すべきだと訴えた。インドのモディ首相は「前世紀に作られた組織は21世紀にそぐわない」と述べ、国連改革の必要性を強調した。G7に求められるのは、新興・途上国との対話を続け、信頼関係を構築する取り組みである。日本はかつて、インドやブラジルと歩調を合わせ、国連安全保障理事会の改革を提唱した経緯がある。その経験を踏まえ、G7とグローバルサウスの橋渡しに今後も尽力すべきだ。,2023/5/23,G7と新興・途上国 対話を協調に生かす時だ
日韓関係の改善を象徴する光景として、長く記憶されることになるに違いない。主要7カ国首脳会議（G7サミット）に合わせて来日した韓国の尹錫悦（ユンソンニョル）大統領と岸田文雄首相が、広島の平和記念公園にある韓国人原爆犠牲者の慰霊碑を訪れた。在日韓国人被爆者らが見守る中、花を手向け黙とうした。訪問は日本側が打診して実現した。日韓の両首脳が慰霊碑の前に並んだのは今回が初めてだ。戦時中、軍都として栄えた広島には数多くの軍需工場があり、日本の植民地だった朝鮮半島から徴用された人たちも働いていた。原爆投下により被爆した朝鮮半島出身者は、数万人に上るとされる。日韓関係は、懸案となってきた徴用工問題について韓国政府が解決策を発表し、改善の動きが加速している。両首脳は3月以降、既に3回の会談を重ねた。岸田氏は徴用工問題について「心が痛む」と述べたが、韓国国内には日本側の謝罪が不十分だという声も根強くある。慰霊碑訪問によって、歴史に向き合う姿勢を改めて示そうとしたのだろう。尹氏は「平和な未来を準備するための勇気ある行動」と評価した。大切なのは、日韓関係を改善し、日米韓3カ国の連携強化につなげていくことだ。北朝鮮は核・ミサイル開発を加速させており、共同対処が急務となっている。一方、3カ国の連携には、米国が「唯一の戦略的競争相手」と位置付ける中国への対抗策という側面もある。日米は安保協力を拡大し、台湾への圧力を強める中国をけん制することも狙う。経済分野では、デジタル社会を支える半導体の安定供給などが3カ国共通の課題だ。米国は先端技術の輸出規制などで、中国の競争力を低下させようとしている。力による一方的な現状変更の試みを続ける中国を抑止することは必要だ。だが、日韓にとって中国は地理的に近く最大の貿易相手国でもある。緊張を和らげるため、米中間の対話を促すことが欠かせない。3年以上開かれていない日中韓首脳会談を早期に再開し、意思疎通を強化することも重要だ。日韓の関係改善を、地域や国際社会の平和と安定につなげる取り組みが求められている。,2023/5/23,広島での日韓首脳会談 信頼深め平和への一歩に
ロシアの侵略を受け、核使用の脅しにさらされるウクライナ。戦時下の大統領が電撃来日し、被爆地を訪れた。世界に発した「不戦」のメッセージは重く、大きい。広島で開催された主要7カ国首脳会議（G7サミット）が閉幕した。インドなど招待された新興国や途上国も交えた討議のテーマは「平和」の希求である。世界は混迷している。戦後の国際秩序は大きく揺らぎ、核の脅威が高まる。米国と中国の対立が激しさを増し、軍事的な緊張が軍備拡張競争を誘発している。資源価格高騰が襲い、先進国では景気後退の懸念が強まっている。グローバルサウスと呼ばれる新興国や途上国は食糧不足に苦しみ、債務の膨張にあえぐ。ウクライナが試金石だ根源にあるのがロシアの軍事侵攻だ。ウクライナのゼレンスキー大統領は各国首脳と会談を重ね、ロシア軍を撤退に追い込むためにさらなる支援を求めた。G7は軍事を含むウクライナ支援の継続を表明した。米欧は戦車に続き、米国製戦闘機の供与も容認した。戦闘が今後、激化することが予想される。ロシアに対して各国が結束し、対抗する意思を示した意義は大きい。ロシアと経済関係が深いインドのモディ首相も「戦争の解決に取り組む」と表明した。重要なのは、厳しい戦況を見極めつつ、停戦の糸口をどう見つけるかだ。討議に参加した招待国には戦争の激化を危ぶみ、交渉による早期停戦を望む声もある。国際社会では、長期化する侵攻に懸念を深める中国が仲介外交に乗り出している。米国とも協議しているという。G7は広範な連携を求めるべきだろう。経済問題では、「強固な世界経済の回復を促進」し、貧困の削減と気候変動への取り組みを加速させることで一致した。協力の幅を広げる必要がある。かつてG7は世界の国内総生産（GDP）の約7割を占め、「機関車」「船団」と称して世界経済をけん引した。今は4割台に下がり、中国の存在が際立つ。首脳宣言は、中国に対し、南シナ海や東シナ海での軍事的な活動に深刻な懸念を示し、台湾問題の平和的解決を促した。これに中国政府は強く反発している。一方で、「中国の発展を妨げようともしていない」と指摘し、「建設的かつ安定的な関係を構築する」との姿勢を示した。敵対ではなく協調を視野に入れたものだ。中国は東南アジアやアフリカの国々とのつながりが強い。グローバルサウスの課題も中国の協力なしには解決できない現実に向き合わざるを得ない。G7が発信したもう一つのメッセージが「非核」だ。核保有国である米英仏と、米国の「核の傘」に守られる日独などの首脳がそろって原爆資料館を訪れた。「不戦」を政治の使命に「核兵器を永久になくせる日に向けて共に進もう」とバイデン米大統領は記帳し、スナク英首相は「心を動かされた。暗い過去から学ぶことが重要だ」と発信した。惨禍を繰り返さないという思いはにじむ。ただし、成果とする核軍縮に関する共同文書「広島ビジョン」は、「核兵器なき世界」に近づく新たな策を示していない。ロシアの核による威嚇やその使用を「許されない」と非難し、中国を念頭に核政策の透明化や軍備管理交渉への参加を求めるなど、対立国に厳しい目を向ける。だが、中露を批判するだけでは解決しない。ほぼすべての国が加盟する核拡散防止条約（NPT）は核保有国の軍縮交渉義務を定めている。NPTが重要というのであれば、G7が自ら軍縮に動く必要がある。にもかかわらず米英仏はむしろ核兵器の役割を維持し、核抑止力を強化しているのが現実だ。今回のサミットの招待国の中には核兵器の廃棄を求める国もあった。そうした声に向き合って初めて「核なき世界」の信頼性は高まる。その覚悟は見えなかった。先の大戦では、おびただしい数の人々が犠牲になった。悲惨な記憶の上に平和を求めて築かれたのが今の国際秩序である。政治指導者の究極的な使命は戦争を起こさせないことにある。ロシアに踏みにじられたウクライナの惨禍を見れば明らかだろう。G7が主導すべきは、国際協調を復元し、「不戦の誓い」に再び魂を吹き込むことだ。,2023/5/22,国際秩序とG7 平和創出にこそ指導力を
世界は歴史的岐路に立っている。ロシアのウクライナ侵攻で大きく揺らいだ国際秩序を回復させる契機にしなければならない。主要7カ国首脳会議（G7サミット）はウクライナに関する声明を出した。露軍に即時・無条件の撤退を求め、ウクライナ支援を継続する意思を表明している。プーチン露大統領による核の威嚇、使用は許されないと断じ、隣国ベラルーシに核兵器を配備する計画を「受け入れられない」と拒否した。ロシアによるウクライナの子どもたちの移送を非難し、プーチン氏に逮捕状を出した国際刑事裁判所（ICC）の捜査を注視する姿勢を示した。G7はこの1年3カ月、金融・経済面で対露制裁を強化し、ウクライナを軍事・財政面で支援してきた。浮き彫りになったのは、その効果を国際的に広げる難しさだ。声明は国際社会に対し、ロシアへの兵器提供の停止を求め、資金調達を支援しないよう要求した。従わなければ、深刻な代償を支払うことになると警告した。ロシア軍はイラン製ドローンを使用したほか、エジプトや南アフリカが弾薬などを提供している疑惑も浮かんでいる。インドや中国はロシアから原油を購入し、新興・途上国の中にも制裁に同調しない国は多い。欧米と中露の対立に巻き込まれることへの危惧がある。G7が踏み絵を迫れば、新興・途上国の反発を招きかねない。途上国を中心に、食料不安やエネルギー不足の影響は甚大で、人道危機に直面した国もある。G7が声明で言及した通り、侵攻でしわ寄せを受けた弱い国への支援を継続すべきだ。主権尊重や「法の支配」は先進国だけでなく、新興・途上国にとっても重要な規範だ。これを侵害しているのはロシアであることを根気強く訴えるべきだ。ウクライナに一日も早い平和をもたらしたい。その点では、各国が協調する余地はあるはずだ。戦闘が長引き、市民の被害が拡大している。ウクライナのゼレンスキー大統領も一層の支援を求めるために来日した。国際的な圧力を強めることで、露軍の撤退につなげる必要がある。,2023/5/21,G7のウクライナ声明 露軍撤退迫る国際協調を
グループが巨大化する中で、効率至上主義のひずみが広がっていないか。足元を見つめ直す時だ。トヨタ自動車の子会社などで、品質検査に関する不正行為が相次いでいる。顧客の信頼を揺るがす深刻な事態だ。子会社の日野自動車で昨年、排出ガスや燃費などのデータを改ざんする不正が発覚した。今年3月にはトヨタのルーツでもある豊田自動織機でフォークリフト用エンジンを巡り、同じような不正が明らかになった。完全子会社のダイハツ工業でも4月末、海外向けの4車種で、衝突試験をクリアしやすくするため本来の設計にはない加工を施していたことが判明した。今月19日には国内向け2車種でも新たな不正が見つかったと発表している。ダイハツの最初の不正を受けて、トヨタの豊田章男会長は自社メディアで「トヨタも含めた問題だ」と陳謝した。グループ17社の首脳を集めて不正撲滅に向けた緊急会合も開いた。関連企業に多くの出身者を送り込むトヨタにとっても危機感が強いのだろう。重要なのは実効性のある手を打てるかだ。グループ企業のガバナンス（統治）の問題点を含め、トヨタ本体による踏み込んだ原因分析が不可欠となる。トヨタは今春、経営陣を一新した。これを機に顧客の期待に応える対策を示すべきだ。子会社だけで500社を超える巨大グループだ。その総合力を生かし、各国の利用者の好みに応じた車種をタイミングよく投入することで、販売や業績を着実に伸ばしてきた。2024年3月期の連結業績は3兆円と過去最高益を見込んでいる。年間生産台数でも強気の計画を立てており、世界一の自動車メーカーの座を死守する方針だ。しかし、相次ぐ不正は効率を重視するあまり、法令順守を軽視する姿勢がグループ内に残っていることを浮き彫りにした。好業績に死角はないか、早急に点検する必要がある。日本の製造業は品質の高さで世界の消費者の信頼を獲得してきた。代表的なメーカーとして、トヨタはいま一度、もの作りの原点に立ち戻るべきだ。,2023/5/21,トヨタ系で相次ぐ不正 信頼回復へ統治再点検を
主要7カ国首脳会議（G7サミット）が広島で始まった。被爆地での開催は初めてだ。核廃絶への転換点にしなければならない。参加した首脳はそろって原爆資料館を訪れ、被爆者と対面した。2歳で被爆し、白血病のため12歳で亡くなった佐々木禎子さんが病床で折った鶴に関する説明に耳を傾けた。核を巡る世界情勢は厳しさを増している。ウクライナに侵攻したロシアは核を脅しに使い、中国も核戦力を増強する。北朝鮮は核・ミサイル開発を加速している。そんな中、ひとたび核が使われると、どんな惨禍がもたらされるのか。核保有国と、米国の「核の傘」に守られた国々の首脳が直接見聞きした意義は大きい。第二次世界大戦の終結から78年となる。G7首脳はバイデン米大統領を除き、戦後生まれだ。惨劇の遺品などを目にして、どんな思いが胸に去来しただろうか。マクロン仏大統領は、資料館の芳名録に「広島の犠牲者を記憶する義務を果たし、平和に向けて行動することが私たちの責務だ」と記した。「核兵器のない世界」の実現に向けて、広島・長崎という被爆地の存在感は高まっている。海外の首脳らが原爆資料館を訪れることも増えている。背景には、被爆者たちが差別と闘い、国連の軍縮会議などの場に出て、国際社会に体験を語り続けてきた取り組みがある。2016年にオバマ元米大統領を迎えた故・坪井直さんらが呼びかけた署名は、全世界で1370万人以上に達し、核兵器禁止条約の誕生に大きな役割を果たした。だが、道のりは遠い。G7は核禁条約に加盟していない。安全保障環境の悪化を受けて、核抑止力を強化する動きが広がっている。被爆者らは今回のサミットが、少なくとも核軍縮に向け、「新たなメッセージの発信の場」となるよう求めてきた。首脳らへの説明役を務めた被爆者の小倉桂子さんは「ヒロシマの現実を見てもらう夢がかなった」と語った。被爆の実相に触れたG7首脳は、そうした思いを受け止め、悲劇を繰り返すことのないよう、行動に移さなければならない。,2023/5/20,ヒロシマとG7首脳 被爆者の思い胸に行動を
保育所は子どもの安全に配慮しながら健やかな育ちを支える場だ。子どもの心身を傷つけるような行為はあってはならない。全国の自治体と保育施設を対象に「不適切な保育」に関する調査が初めて実施された。静岡県裾野市の保育所で起きた暴行事件がきっかけだ。子どもの足をつかんで宙づりにしたなどの疑いで保育士3人が逮捕された。調査によると、市町村が確認した「不適切な保育」は、認可保育所で914件に上り、うち虐待と認定したのは90件だった。ただ、虐待などが発生した場合の報告基準や手続きを保育所に周知している自治体は3割にとどまる。調査結果が実態を反映しているとは言いがたい。浮き彫りになったのは、何が不適切な保育にあたるのか、認識に大きなばらつきがあったことだ。保育所の7割が「0件」と回答した一方、1カ所で数百件に上る例もあった。現場に戸惑いが広がったことを受けて、こども家庭庁は「虐待行為」と「子どもの心身に有害な影響を与える行為」が該当すると説明した。現場での判断に資するよう国は具体例を示すべきだ。体制の不十分さも明らかになった。自治体への報告などの対処方針を定めている保育所は7割で、保育士や保護者向けに相談窓口を設置した自治体は、4割にとどまった。対応が遅れれば子どもの命にかかわる。虐待などが疑われる事例があった時には、速やかに情報共有できる仕組みづくりが必要だ。把握した場合の自治体への通報の義務づけなど、法整備も急がなければならない。子どもの人格や人権を尊重する保育のあり方について、研修への参加などを通じて保育士が認識を深めることが重要だ。保育の現場ではゆとりのなさが指摘されている。東京都の調査によると、保育士の約半数が職員の増員を求めている。安全で質の高い保育を実現するには、配置基準の見直しなど保育士の負担軽減が欠かせない。保護者が安心して保育所を利用できるよう、国や自治体は子どもを守る仕組みを早急に整えなければならない。,2023/5/20,不適切保育の調査 子を守る体制構築が急務
核兵器が使われる可能性が現実味を帯びる中、「核なき世界」をどう実現していくのか。平和への力強いメッセージを発信しなければならない。広島できょう、主要7カ国首脳会議（G7サミット）が開幕する。1975年に仏ランブイエで第1回が開かれてから半世紀近い歴史を持つが、被爆地での開催は初めてだ。原爆を投下した米国と、英仏は核保有国だ。日独など4カ国も米国の「核の傘」に守られている。核抑止に依存する国々の政治指導者が集い、被爆の実相に触れることは、大きな意義がある。ウクライナで、戦争が続いているさなかのサミットでもある。歴史の転換期に直面しながら、国際社会は山積する共通の課題への対応力を欠いている。強まる途上国の不信感この数年、新型コロナウイルスの世界的流行、気候変動、そしてロシアのウクライナ侵攻により、グローバルサウスと呼ばれる新興国・途上国は、大きな打撃を受けてきた。こうした国々は、先進国に不信感を強め、厳しい視線を向けている。G7は、力による一方的な現状変更を認めない立場から、「法の支配」の重要性を強調し、各国に連携を呼びかけている。サミットでは、ロシアへの経済制裁や、ウクライナへの軍事的・経済的支援の強化が協議される。だが、G7が世界を主導してきた時代は、過去のものになりつつある。日米欧が結束を固めるだけでは、地球規模の課題はもはや解決できない。グローバルサウスの声を聞き、競争関係にある中国とも協力していくほかない。核軍縮・不拡散をめぐる国際社会の亀裂も深い。米露英仏中の核保有5カ国は近年、核抑止への依存を強め、核軍縮への取り組みをないがしろにしてきた。むしろ核軍拡時代の再来が懸念されている。核拡散防止条約（NPT）体制のほころびが露呈し、業を煮やした非核保有国は、核兵器の開発や保有、使用、威嚇を全面的に禁止する核兵器禁止条約を発効させた。グローバルサウスの多くの国々が条約に参加しているが、核保有国はこれに反対し、加わろうとしない。日本は唯一の戦争被爆国にもかかわらず、オブザーバー参加さえしていない。ロシアのプーチン大統領が、ウクライナ侵攻にあたり核兵器使用をちらつかせたことで、核の脅威が高まり、状況はさらに悪化している。「核兵器の使用・威嚇は許されない。紛争の平和的解決、危機に対処する取り組み、外交・対話が極めて重要だ。今日の時代は戦争の時代であってはならない」。昨年11月にインドネシア・バリで開かれた主要20カ国・地域首脳会議（G20サミット）の首脳宣言は、そう強調した。「戦争の時代」避けねばG20は、ロシアや中国もメンバーであり、対露批判を避けて一般論を展開したとの見方もできるだろう。だが、平和への希求と、「戦争の時代」にしてはならないとの訴えは、グローバルサウスの国々の切なる願いだ。一方、4月に長野県軽井沢町で開かれたG7外相会合の共同声明は、核軍縮・不拡散について「現実的で実践的なアプローチ」を強調し、「核なき世界」はあくまでも究極の目標と位置づけている。岸田文雄首相が打ち出した「ヒロシマ・アクション・プラン」も、核兵器不使用の継続、透明性の向上、核兵器数の減少傾向の維持など5項目からなるが、核兵器禁止条約には言及していない。広島を地元とする首相は、核軍縮をライフワークと公言している。被爆地でのサミット開催は、首相のこだわりがあったからこそ実現した。だが、それだけでは不十分だ。安全保障環境の悪化を言い訳にしてはならない。指導力を発揮し、核保有国を巻き込んで、核廃絶に向けた具体的なロードマップを示すべきだ。カナダに住む被爆者のサーロー節子さんは先日、原爆資料館を訪れた際、「政治的な決断をする時は、理論だけではなく、感情が非常に大切。人間として感じるものがあるはず」とG7首脳に行動を促した。核兵器の非人道性への理解を深め、核廃絶への動きを再起動させる。ヒロシマに集う政治指導者たちには、その覚悟が求められる。,2023/5/19,広島G7と核なき世界 指導者の覚悟が問われる
日本の経済指標が改善した。だが物価高に苦しむ多くの国民には実感しにくいのではないか。1～3月期の実質国内総生産（GDP）は前期からの増加率が年換算で1・6％となった。プラス成長は昨年4～6月期以来だ。GDPの半分以上を占める個人消費が持ち直した。新型コロナウイルスへの不安が和らぎ、旅行や外食が伸びた。水際対策の緩和に伴い、訪日観光客も増えた。日経平均株価も1年8カ月ぶりに3万円の大台に乗せた。大企業の好決算が相次いだのが要因だ。コロナ禍の影響が薄れたことに加え、円安が追い風となった。政府は今後、経済が一段と活発になるとみている。コロナの感染症法上の分類を引き下げ、対策を幅広く緩和した効果を見込む。問題は、国民の暮らしにどこまで波及していくかである。消費の回復はコロナ下で抑制されていた反動も大きい。長引く物価高で再び低迷する恐れがある。食料品の値上げラッシュに続き、来月から電気料金が大幅に上がる。所得の低い人ほど負担は重く、働き手の4割近くを占める非正規労働者らに打撃となる。一方、株高の恩恵を受けるのは富裕層などに限られる。3月には首都圏の新築マンション平均価格が初めて1億円を突破するなど、経済格差は大きくなっている。富の分配が広がりを欠いたままでは、景気は息切れしかねない。海外の景気が振るわないため、日本の株が買われた面もある。米国は金融不安や国債を返済できない「デフォルト」懸念を抱える。急ピッチの株価上昇には危うさがつきまとう。日本経済を底上げし、実力を反映した株価を定着させることが求められる。岸田文雄政権は物価対策として財政出動を繰り返してきた。だが対症療法で生活不安は拭えない。かぎを握るのは賃金の引き上げだ。アベノミクスの時も円安・株高で大企業や富裕層が潤ったが、賃上げを伴わず景気は停滞した。今年の春闘で賃上げ率は大企業中心に30年ぶりの高水準となったが、中小企業に広げなければならない。非正規労働者の待遇を改善するには、最低賃金の引き上げが急務だ。政府は実効性ある政策に取り組む必要がある。,2023/5/18,プラス成長と株高 暮らしに波及する政策を
他人の住民票などが誤って発行されたマイナンバーカードで、またもや不手際が起きた。健康保険証の機能を持たせるマイナ保険証で、他人の情報をひも付けする事例が明らかになった。本格運用が始まった2021年10月から22年11月にかけて約7300件見つかった。このうち5件では投薬や医療費など秘匿性の高い個人情報が閲覧されていた。健康保険組合などが加入者情報を誤登録したという。手作業で間違った番号を入力したり、住民基本台帳で加入者の情報を照会する際に、同姓同名の別人の番号を取得したりしたケースがある。政府は来年秋にマイナ保険証を事実上義務化する方針で、参院で関連法案を審議中だ。安心して利用できる仕組みなのか、徹底的な議論が求められる。マイナ保険証のミスは、制度の準備段階から把握されていた。20年末に約3万5000件の誤登録が見つかり、本格運用を半年先送りした経緯がある。所管する厚生労働省は当時、「人為ミスが起きることを前提に対応を強化する」と説明し、誤入力の検知システムを導入した。しかし、今回のミスを防げなかった。抹消されたはずの印鑑登録の証明書が誤発行される事案も新たに報告された。一連の問題で政府は、国のシステムに問題はないと説明する。自治体や健保組合に責任を転嫁するかのようだ。だが、マイナカードに関わるサービスである以上、欠陥があれば利用者に被害が及ぶ。業務ごとに縦割りで対応する現在の仕組みは、国民にわかりにくい。責任の所在も不明確だ。デジタル庁が指導力を発揮し、マイナンバーを安心して使うための体制を整えるべきだ。手作業を極力減らすなど、ミスを防ぐ仕組みを構築してもらいたい。情報発信にも問題がある。厚労省は2月、マイナ保険証の誤登録を審議会に報告したが、一般には周知していない。不透明な政策運営は国民の不安を増幅させる。行政の効率を高め、暮らしを守るための制度でも、信頼を失えば機能しなくなる。ミスが続く原因はどこにあるのか。組織や制度のあり方から技術面の脆弱（ぜいじゃく）性まで、多角的に検証すべきだ。,2023/5/18,マイナ保険証でもミス これでは信頼を得られぬ
LGBTQなど性的少数者への理解増進法案を与党が了承した。週内に国会に提出する方針だ。超党派の議員連盟が2年前にまとめた法案を自民党が修正した。性的少数者の尊厳を守る観点で、後退した内容である。法律の基本理念に盛り込まれていた「差別は許されない」という文言を、「不当な差別はあってはならない」に変更した。公的な文書を含め、広く使われてきた「性自認」という言葉も、「性同一性」に書き換えた。党内の議論で、保守派から異論が出たためだ。「どのような言動が差別に当たるか、明確でない」「自分の認識で性を決められるようになれば、社会が混乱する」との主張である。だが、どんな形であれ、差別は許されない。地方レベルでは、60以上の自治体が性的少数者への差別を禁止する条例を定めている。生まれた時の性別と、自認する性別が異なるトランスジェンダーを巡っては、「女性だと自称すれば、男性も女湯に入れる」といった誤った言説が、インターネット上などに流されてきた。しかし、性自認は自分の意思で変えられるものではない。当事者たちは差別にさらされ、生きづらさを抱えている。世論調査で同性婚の法制化に賛成する人が多数派となるなど、社会の意識は変わってきた。経済界からも、国の取り組みを求める声が相次いでいる。にもかかわらず、自民党内の議論は、こうした現状と懸け離れている。同性婚に反対するなど、性的少数者の権利保障に消極的な考え方も影響している。根深く残る偏見が改めて露呈したと言える。2年前、議連がまとめた法案の国会提出が見送られたのも、保守派から同じような反発があり、自民の党内手続きが進まなかったためだった。主要7カ国（G7）の中で日本は法整備の遅れが際立つ。今回、自民が了承したのは、広島でのG7首脳会議（サミット）が目前に迫っていたからだ。国としての対応は喫緊の課題だ。自民には政権与党として、性的少数者の人権を尊重する法制度を早急に整える責任がある。,2023/5/17,LGBT法案の修正 偏見露呈した自民の議論
新型コロナウイルス感染症が世界的に流行してから3年が過ぎ、「ウィズコロナ時代」に入った。世界保健機関（WHO）が今月、新型コロナの「国際的な公衆衛生上の緊急事態」を終了した。各国で行動制限の緩和が進む。2019年12月に中国で患者が確認されて以降、またたく間にウイルスが広がった。感染者が急増した各国で医療体制が逼迫（ひっぱく）し、亡くなる人が相次いだ。世界の感染者は累計約7億6500万人、死者は約690万人に上る。この間、多くの課題があらわになった。国境を越えて人々が盛んに往来する現代、感染症対策では初期の封じ込めが肝要だ。しかし、WHOは緊急事態の宣言や、人々の移動の制限を求める判断に手間取った。加盟国の動向や経済活動への配慮があったとみられる。ワクチンは、従来にない速さで開発されたが、各国による争奪戦が繰り広げられた。WHOが主導して途上国へワクチンを提供する枠組み「COVAX（コバックス）」は十分に機能せず、治療薬も必要量を届けられなかった。こうした反省を踏まえて、現地調査や情報公開などに法的拘束力を持たせる「パンデミック（世界的大流行）条約」の創設、WHOの権限を強化する「国際保健規則」の改正が検討されている。しかし、WHOの体制を見直すだけでは限界がある。コロナ対応が滞った背景には、先進国が、ワクチン確保に走るなど自国の利益を最優先に動いたことがある。緊急時だけにやむを得ない面はあるが、どのように世界の感染症対策強化に取り組むかが問われた。長崎市で開かれた主要7カ国（G7）保健相会合は、途上国へワクチンなどを公平かつ迅速に供給する仕組みを作ることを共同宣言に盛り込んだ。条約策定や規則改正への協力も確認した。コロナ禍では、途上国を含めたグローバルなサプライチェーン（供給網）が寸断されるなど影響が広がった。感染症の収束に、各国が協力して対策を進めることが欠かせない。途上国支援のあり方を早急に検証し、国際協調を実現する体制を構築しなければならない。,2023/5/17,G7のコロナ対応 途上国支援の検証が必要
ジャニーズ事務所の藤島ジュリー景子社長ジャニーズ事務所の創業者、ジャニー喜多川氏による性加害問題について、藤島ジュリー景子社長が動画と文書で見解を示した。だが、肝心な点に関しては「ゼロ回答」に等しい。先月、元所属タレントが性被害を受けたと記者会見で告発したのがきっかけだ。動画で藤島社長は、被害を訴えている人や関係者、ファンに謝罪した。しかし、一問一答形式の文書からは、真摯（しんし）に対応する姿勢がうかがえない。まず、性加害の事実認定について明言を避けている点だ。喜多川氏が故人であることを理由に「『事実』と認める、認めないと一言で言い切ることは容易ではない」とかわした。事実関係をあいまいにすることで、勇気を出して声を上げた人たちの告発内容が疑問視されるようなことがあってはならない。また、公正な調査に欠かせない外部の第三者委員会も設けない。社内調査では限界がある。「ヒアリングを望まない方々も対象になる可能性が大きい」などと説明する。現役の所属タレントらのプライバシーに配慮するのは当然だが、全容解明に背を向けることは許されない。実態調査を求めるファンらで作る団体は「事務所がきちんと対応しないがために、臆測が生まれてしまっている」と指摘する。2004年にはジャニーズ側が週刊文春を名誉毀損（きそん）で訴えた訴訟で、「セクハラに関する記事の重要部分は真実」と認めた高裁判決が最高裁で確定した。当時取締役の藤島社長は詳細を把握していなかったと説明するが、その責任も第三者によって検証されるべきだ。性被害は深刻な人権侵害だ。にもかかわらず、被害を訴えた人が逆にバッシングされる例は少なくない。そうした社会の意識を変えることこそが求められている。多くの人気男性アイドルを抱えるジャニーズは芸能界で大きな影響力を持ってきた。問題にきちんと向き合ってきたのか、メディアも反省を迫られる。若者の夢を踏みにじることがあってはならない。「性加害は許さない」という認識を社会が共有することが、そのための一歩になる。,2023/5/16,ジャニーズの性加害問題 社長は何も答えていない
世界経済が危機に陥りかねない時期だからこそ、先進国がしっかりと支えていく必要がある。日米欧の主要7カ国（G7）による財務相らの会議で問われたのは、米欧で相次いだ金融不安への対応だ。深刻化すれば、物価高で苦しむ国々に大きな打撃を及ぼす。先進国が混乱を抱えたままでは、世界の安定化はおぼつかない。デジタル時代は国境を越えた不安が広がりやすい。情報が拡散し預金が瞬時に引き出される。米国の銀行破綻が欧州に飛び火するなど、当局の対応が追いついていない実態が浮き彫りになった。G7は規制や監督の連携強化で一致した。ただ米国では依然として経営が不安定な銀行があり、連鎖破綻も危惧される。デジタル化に応じた体制の整備が急務だ。米国が国債を償還できない「デフォルト」に陥る懸念もくすぶる。リーマン・ショックの再来となる恐れがある。G7の要として不安を払拭（ふっしょく）しなければならない。存在感を高めている新興・途上国との協調も欠かせない。G7は太陽光パネルなど脱炭素関連製品の技術や資金を支援する枠組みの創設を決めた。供給網を強化し、大量生産する中国への依存度を減らす狙いだ。同盟国中心の供給網再編を図る米国の方針が反映されたのだろう。重要な資源や物資を特定の国に頼ることは望ましくない。だが国際社会の分断を深めることは、世界経済にマイナスとなる。途上国が抱える多額の債務問題も危機の火種となっている。スリランカのような国家破産が続くと、国際金融市場が混乱する。解決には最大の貸手である中国の協力が不可欠だ。孤立させれば、態度を硬化させかねない。先進国と新興国が連携する枠組みとして主要20カ国・地域（G20）がある。だがロシアのウクライナ侵攻後、日米欧と中露の対立が深まり、機能不全に陥っている。それだけにG7には幅広い国際協調を主導する責任がある。これまで自由貿易を推進し、各国の経済関係を深めたことが、世界全体の成長に結びついてきた。今週、広島で開く首脳会議（サミット）では、世界経済を安定させる道筋を探るべきだ。,2023/5/16,世界経済とG7 危機回避へ責任果たす時
世界が新たな冷戦の危機に直面している。先端技術や戦略物資の覇権争いが経済のブロック化を促し、相互不信を招いている。「悪人の手先になるべきではない」。4月の日中外相会談で、中国の秦剛氏が林芳正氏に迫った。「悪人」とは米国のことだ。不満をぶつけたのは、日本の半導体製造装置の輸出規制である。米国の要請に基づく措置で、中国向けの制限につながる。一方で中国も、沖縄県・尖閣諸島を巡り日本との緊張が高まった2010年には、レアアース（希土類）の輸出を止めている。最近も関係が悪化した豪州や台湾からの農産品輸入を制限した。貿易の規制などで圧力をかける行為は「経済的威圧」と呼ばれ、大国による行使が増えている。グローバル化で進んだ相互依存関係を逆手に取る行為だ。経済を武器として使う動きが広がれば、分断はますます深まる。威圧の応酬続ける大国日本の半導体装置産業にとって中国は最大の顧客だ。現在は先端分野の規制にとどまるが、米中対立が激化して対象が広がる可能性はある。日本企業は米国の思惑を探るのに躍起となっている。オバマ政権で商務次官補を務め、輸出管理に精通する弁護士、ケビン・ウルフ氏は4月、日本企業などを対象にした講演で「中国とのデカップリング（切り離し）を意図するものではない」とバイデン政権の対中政策を解説した。厳格な規制の対象は安全保障に関わる先端技術にとどめ、汎用（はんよう）品の取引は維持するという。ただ、経済的威圧は相手の報復措置を誘発しかねない。中国は、電気自動車（EV）に使うレアアースに関連した禁輸措置の検討に入ったと報じられている。リスクを低減するため、米国は重要物資の供給網を強化しようとしている。信頼できる国や地域と連携し、半導体や希少金属などを確保する戦略である。資源の調達や商品の販路で特定国への依存度を下げることは重要だ。中国は民間技術を軍事に応用するなど「軍民融合」を掲げており、日米欧の経済政策には安全保障の視点が求められている。一方で、保護主義的な施策の応酬にならないための節度も欠かせない。公正で透明なルールのもとで民間の力を引き出し、経済のダイナミズムを生み出す。そこにこそ自由主義国の優位性があるはずだ。しかし、近年の米国はそうした価値をないがしろにしている。安全保障を名目にした保護主義的な措置を相次いで打ち出し、EVの優遇対象を米系メーカーに限定するなど、「自国第一」の姿勢が目に余る。これでは日欧など有志国との連携にひびが入る。世界経済は今、大きなリスクにさらされている。先進国の金融緩和や新型コロナウイルス対応の財政出動で金余りが生じていたところにウクライナ危機が起き、インフレが進んだ。米欧の急激な金融引き締めに伴う金利上昇が金融不安をもたらし、ドル高で途上国の債務問題が顕在化した。危機封じへ協調する時危機を封じ込めることはできるのか。債務問題では、有数の債権国となった中国と先進国との協調が欠かせない。リーマン・ショックへの対応では足並みをそろえた主要国だが、現下の状況での再現は望むべくもない。しわ寄せを受けるのは低所得国だ。国連が持続可能な開発目標（SDGs）で掲げる貧困削減などの目標達成が危ぶまれている。大国は新興国や途上国などグローバルサウスの取り込みを急ぐが、覇権争いの陣取り合戦になるようでは、貧困や紛争は解決しない。国連のグテレス事務総長は「過去に構築された多国間ガバナンスの形態は、複雑で急速に変化する今日の危険な世界に適していない」と危機感をあらわにする。国際秩序の立て直しを急がなければならない。貿易や投資を巡る紛争を解決し、経済を安定化させる仕組み作りが最優先課題だ。世界貿易機関（WTO）の修復を模索する動きも出てきた。米中対立のあおりで紛争処理制度が機能不全に陥ったが、欧州連合（EU）主導で発足させた暫定的な枠組みに中国などが参加し、日本も3月に加わった。主要7カ国首脳会議（G7サミット）が今週、広島で開かれる。相互不信を解消し、世界に安定を取り戻すためのメッセージを打ち出さなければならない。,2023/5/14,分断深まる世界 「経済冷戦」避ける努力を
カルテルや顧客情報の不正閲覧など不祥事を相次いで起こした大手電力会社が、課徴金納付命令や行政処分を受けた。市場競争によって料金低下を促す電力自由化に背く不正だ。頻発した背景として、規制の不備が指摘される。西村康稔経済産業相は先月末、「健全な競争に向けた対策を検討する」と表明した。カルテルは企業向け電力販売での値下げ競争回避を目的に、関西電力が主導した。2018～20年に中国、中部、九州各電力と互いの営業圏で勧誘を控える密約を交わしていた。公正取引委員会に自主申告した関電を除く3社とその関連会社が、計約1010億円の課徴金納付を命じられた。不正閲覧問題では、関電など大手7社の営業部門の社員らが送配電子会社が持つ新電力の顧客情報をのぞき見していた。家庭や企業に電気を送るインフラである送配電部門には公正中立な運営が求められる。にもかかわらず、違法な情報漏えいが常態化していた。経産省の電力・ガス取引監視等委員会はカルテルを見逃し、小売り部門と送配電子会社間の情報遮断を徹底させられなかった。「自由化の番人」としての使命を果たせなかったのは明白だ。学識経験者で構成する委員会メンバー5人全員が非常勤で、事務局の陣容も欧米規制機関に見劣りする。もともと「経産省内の組織では電力の安定供給が優先され、競争政策を徹底できないのではないか」と懸念されていた。公取委は、大手が自社の小売り部門に新電力より安い価格で電力を卸した疑惑も指摘している。組織のあり方も含めて監視委の体制強化を検討すべきだ。電気事業法の改正も必須である。重大な違反には事業許可・登録取り消し処分が規定されている。ただ、「停電を招きかねない」として大手には適用されず、不正閲覧の処分でも業務改善命令にとどまった。罰金は経産相の是正命令に違反した場合、300万円以下が科されるだけだ。新規営業の停止命令など罰則強化が不可欠だ。大手の多くは家庭向け料金値上げを経産省に申請している。燃料費高騰が理由だが、地域独占時代のあしき体質を改めなければ、顧客の理解は得られまい。,2023/5/13,大手電力の相次ぐ不正 監視と罰則の強化が急務
大学生らを対象にした国の奨学金制度が来年度から改定される。支援の幅は多少広がるが、卒業後の返済が重い負担となっている実態に即した見直しとは言い難い。低所得層向けだった返済不要の給付型奨学金の対象を、世帯年収が約600万円以下の「中間層」にも拡大する。ただし、子どもが3人以上の世帯の学生か、私立の理工農系専攻の学生に限られる。理工農系が優先される理由は、授業料が比較的高いことに加え、政府がデジタルや環境を成長分野に位置付けているためだ。奨学金で学生の進路選びを誘導しようとする政府の思惑がうかがえる。一方、奨学金受給者の多くが利用している貸与型については、返済期間を延ばして月々の支払いを減らす制度の適用要件を緩和するにとどまった。新たな仕組みとして、修士課程の大学院生を対象にした授業料の「後払い」制度も導入される。在学中は国が立て替え、年収が約300万円を上回ってから所得に応じて返済してもらう。月収に換算すると、ようやく20万円程度に達した段階だ。利用者の負担感をどれだけ軽減できるだろうか。大学の授業料が値上がり傾向にある中で、家計収入は伸び悩んでいる。国などの奨学金に頼らざるを得ない人は多く、学生の約半数が受給している。一方で、大学を卒業しても、低収入や非正規の仕事を余儀なくされるケースが少なくない。そのため、大勢の若者が奨学金の返済に苦しんでいる。返済負担は人生設計も左右している。労働者福祉中央協議会の昨年のアンケートでは、返済中の人の3割以上が、結婚や子どもを持つかどうかに影響していると回答した。こうした状況が続けば、少子化を助長することになる。政府が抜本的に支援を拡大できないのは、財源の確保が見通せないからだ。だが、そもそも日本の高等教育への公的支出が低水準であることが、家計を圧迫し、「奨学金頼み」につながっていることを忘れてはならない。若者が経済的理由で将来の選択肢を狭められることのないよう、政府は踏み込んだ支援策を打ち出す必要がある。,2023/5/13,奨学金制度の見直し 学生本位の視点に欠ける
米国が史上初めて国債を償還できない「デフォルト」に陥る懸念が高まっている。世界的な経済危機の引き金にしてはならない。予算編成を巡って、バイデン大統領と野党・共和党が対立しているためだ。来月1日にも政府資金が枯渇する恐れがあるという。強大な経済力に裏打ちされた米国債は世界で最も安全な資産とされる。日本など各国の政府や金融機関が大量に保有している。デフォルトになれば、米国の信用は失墜し、国債価格が急落するのは必至だ。市場が冷え込み、世界株安や基軸通貨ドルの急落など大混乱をもたらしかねない。米国の成長率が6％も押し下げられ、失業者は800万人を超す恐れがあると米政府は試算している。世界を不況に陥れたリーマン・ショックの再来も予想される。回避するには、政府が借金できる限度を定めた「債務上限」を引き上げ、資金を確保しなければならない。決定権は議会にあり、下院で多数を占める共和党との交渉が難航している。共和党は条件として、政権の看板政策である気候変動対策や教育費軽減の撤回を求めている。今週行われたバイデン氏と共和党のマッカーシー下院議長の会談は物別れに終わった。来年の大統領選を控えて、互いに主張を譲らない状況が続いている。上限引き上げ交渉は歴代政権でももつれた。野党が土壇場まで応じず、譲歩を引き出す政争の具として使ってきた。代償は大きく、2011年には米国債が初めて格下げされ、世界株安を招いた。米国社会の分断を反映して政治的対立も激しくなり、妥協の余地が狭まっているとの指摘もある。国際政治にも影響しかねない。主要7カ国首脳会議（G7サミット）が来週、広島で開かれるが、バイデン氏は債務問題の交渉次第で訪日を見送る可能性に言及した。ロシアのウクライナ侵攻を非難する首脳が一堂に会して連帯を確認する重要な場である。結束を呼びかけてきたのはバイデン氏だ。国内問題に足を取られていては、リーダーの役割を果たせない。米国には世界の政治や経済の安定を図る責務がある。超大国としての立場を自覚し、デフォルト懸念を早期に払拭（ふっしょく）すべきだ。,2023/5/12,米国債のデフォルト懸念 早期払拭が超大国の責務
第三者から精子や卵子の提供を受ける不妊治療が広がりつつある。にもかかわらず、国内では、生まれた子に「出自を知る権利」が保障されていない。国内では、1948年に匿名の精子提供による治療が始まった。1万人以上が生まれたとされる。何らかのきっかけで事実に気付き、「自分は何者なのか」とショックを受ける子どもが少なくない。当事者や専門家が、生まれた子と提供者の橋渡しをする一般社団法人「ドナーリンク・ジャパン」を設立した。子どもと提供者のDNA情報などを登録し、双方が希望した場合、遺伝上の親子かどうかを確認する。当事者同士が交流できるきっかけを作り、傷つけられたアイデンティティーを修復できるよう支援するのが目的だ。独自の取り組みを始めたのは、法整備が遅れているためだ。第三者が関わる不妊治療で生まれた子の親子関係を定める法律が2020年に成立したが、出自を知る権利は盛り込まれなかった。現在、超党派議連が新たな法案の検討を進めている。出自を知る権利について提供者の同意を前提に保障する方向だが、今国会への提出は難しそうだ。海外では、スウェーデン、英国、ドイツなど欧州を中心に法律で権利を保障する国が増えている。日本も批准する国連の子どもの権利条約は「父母を知る権利を有する」と定めている。親にとっても事実を伝えないことの精神的な負担は大きい。「親の様子に違和感があった」と振り返る子どもも多い。子どもが一定の年齢に達した段階で、出自についての話し合いを検討する必要がある。不妊治療だけでなく、養子縁組や内密出産のようなケースでも、同じように子どもの権利は守られるべきだ。子どもや提供者の情報を長期間にわたって適切に管理するには、公的なデータベースを構築することが欠かせない。提供者が減るとの指摘もあるが、何より優先されなければならないのは生まれた子の幸福だ。当事者の声に耳を傾け、権利を保障する法律を早急に整備することが求められる。,2023/5/12,出自を知る権利 保障する法整備を早急に
米国発の金融不安が世界経済を揺るがす事態は避けなければならない。2カ月足らずで米国の銀行が3行も破綻した。このうちファースト・リパブリック銀はリーマン・ショック後で最大の規模だった。いずれも大量の預金が急速に流出した。ソーシャルメディアで経営危機の情報が拡散され、不安に駆られた顧客がオンラインで瞬時に引き出した。デジタル時代の新しいタイプの取り付け騒ぎだ。預金が流出している銀行はほかにもあり、株価が軒並み急落した。破綻が連鎖すれば、国際金融市場を大きく混乱させる。景気への影響も心配だ。健全な銀行でも経営悪化を恐れて融資に慎重になる「貸し渋り」の動きが広がっている。企業の資金繰りが行き詰まりかねない。超大国の経済が冷え込めば、各国に波及するのは必至だ。今年の世界経済の成長率は1％に急失速する恐れもあると国際通貨基金（IMF）は予測する。物価高に苦しむ国々への打撃は大きい。米国の中央銀行である連邦準備制度理事会（FRB）の対応がかぎを握る。金融不安の背景にはFRBによる急ピッチの引き締めがある。物価抑制のため、10回連続となる利上げを先週決めた。昨年春にゼロだった政策金利は5％を超えた。これに伴って国債など債券の価格が下落し、保有する銀行は多額の損失を抱えた。全米で80兆円規模の損失リスクがあるという。FRBは今後、利上げを停止する可能性を示唆した。景気後退を懸念したものだ。ただインフレ率は高く、景気と物価安定の両立はより難しくなっている。経済動向に細心の注意を払い、柔軟な政策運営に努めることが求められる。銀行監督の強化も不可欠だ。リーマン・ショック後に厳格化されたが、トランプ前政権時代に緩められたままになっていた。経営状況の点検を徹底する必要がある。デジタル化によって金融不安が広がりやすくなっている。3月には欧州に飛び火し、大手のクレディ・スイスが経営危機に陥った。主要7カ国（G7）はきょうから財務相・中央銀行総裁会議を開く。時代の変化に合わせた監督体制の整備などで連携すべきだ。,2023/5/11,米金融不安と利上げ 世界の動揺招かぬ政策を
